address,block,createdTimestamp,dispensers,fixedRateExchanges,pools
0xb5d8d705524a18056216bf552fa7b473f852bf48,28944565,1653897180,0x257fe2e49530a4b7fc3ed597465e2931db3f20b7-0xb5d8d705524a18056216bf552fa7b473f852bf48,,
0x1c5d7f3c7c760d7d47823b0f0369940c71874e95,28979255,1653972787,0x257fe2e49530a4b7fc3ed597465e2931db3f20b7-0x1c5d7f3c7c760d7d47823b0f0369940c71874e95,,
0x8b57ed8dcb403125912d4e8a4c15a6d50a517df2,28985213,1653985350,,0xb28ab1aade4c75f8cf013136fc0c290aeaea9ba6-0xe2bdac397f409622f1262d4aea611c6e672578bf36d3be7fe2e6cbb330de2bd6,
0xddc5acf6b81520802adbf4f24e05de7fc2cac467,29064268,1654153299,0x257fe2e49530a4b7fc3ed597465e2931db3f20b7-0xddc5acf6b81520802adbf4f24e05de7fc2cac467,,
0xd3e5af97ac3ec333d6410ff807c217b090c88e61,29294034,1654645651,,,0x25faf893edcef3b1c94029f01a088448669fcb9a
0xbf2fac00970223da63affd7a58e6ea5f53a9bf38,29313935,1654688214,,,0xbae67c3f5ea82a1c9b1a5c442f5af2d8a80dbf84
0xdf71733d8d8bc83fb7caf48525716938fa2241e6,29320012,1654701647,,,0x2dd64ba8d9b9b1bb402aa70214e1fb1d7af314a1
0xe868f2873087cfe1bee19c3dea630e1b6f0c22cd,29326292,1654714624,,,
0x9b9e0f0317e107b950955d69835927a59d3b17b7,29327421,1654716951,,,
0x473851e703c9e7f46e88b6552ddf8f47fd7dd460,29327479,1654717071,,,0xa6fe1df0e3ae0aa0d84f4beb0c626add65d971b1
0x246ed12c584777ef098a733e0520f95cf79a037c,29339659,1654743356,0x257fe2e49530a4b7fc3ed597465e2931db3f20b7-0x246ed12c584777ef098a733e0520f95cf79a037c,,
0xa066493a94676c2fe7473d63511586a98f46edb2,29339843,1654743736,,0xb28ab1aade4c75f8cf013136fc0c290aeaea9ba6-0x53236385bf514df81118d5edd79f7282c94ce882dbb1ebc77e153fe8c1d96428,
0xd818fdbcef676b69c9db877b60cfff82eacf0e63,29339999,1654744056,0x257fe2e49530a4b7fc3ed597465e2931db3f20b7-0xd818fdbcef676b69c9db877b60cfff82eacf0e63,,
0x2b0bb3a39c91be5812c9a7c42d5a935c8f23a9b6,29341061,1654746376,,0xb28ab1aade4c75f8cf013136fc0c290aeaea9ba6-0xe3a49ba5cd68b230b5346290e6bff380918d2cbdf172979bb1db484f683d2207,
0x99ff8549c5389f67096f797177a22067757e990e,29346081,1654756984,0x257fe2e49530a4b7fc3ed597465e2931db3f20b7-0x99ff8549c5389f67096f797177a22067757e990e,,
0x6e97f9808b7da48419c8e3027258c4d8b6217801,29346456,1654757758,0x257fe2e49530a4b7fc3ed597465e2931db3f20b7-0x6e97f9808b7da48419c8e3027258c4d8b6217801,,
0xc8c1705a311b7364053cfc71f856791d9b4f29b4,29346507,1654757864,0x257fe2e49530a4b7fc3ed597465e2931db3f20b7-0xc8c1705a311b7364053cfc71f856791d9b4f29b4,,
0x50c6ed8d52e97bb563c0a4def5891beb533de3b8,29346741,1654758472,0x257fe2e49530a4b7fc3ed597465e2931db3f20b7-0x50c6ed8d52e97bb563c0a4def5891beb533de3b8,,
0xccdc46d8ec968c851aaab03e4c183e6748ac955d,29346896,1654758794,0x257fe2e49530a4b7fc3ed597465e2931db3f20b7-0xccdc46d8ec968c851aaab03e4c183e6748ac955d,,
0x771af6c6b59fc933208431190eb8a15db2b7a804,29346994,1654758994,0x257fe2e49530a4b7fc3ed597465e2931db3f20b7-0x771af6c6b59fc933208431190eb8a15db2b7a804,,
0x4bfd0bbb350d26451ff9f06026a559e0e6380bd9,29347223,1654759468,0x257fe2e49530a4b7fc3ed597465e2931db3f20b7-0x4bfd0bbb350d26451ff9f06026a559e0e6380bd9,,
0x2970b15db1822c3e2b5a3eb0b388da66b70a0080,29347438,1654759910,0x257fe2e49530a4b7fc3ed597465e2931db3f20b7-0x2970b15db1822c3e2b5a3eb0b388da66b70a0080,,
0xa09481ae8a96510c407c209a97130d3fd944420c,29347448,1654759930,0x257fe2e49530a4b7fc3ed597465e2931db3f20b7-0xa09481ae8a96510c407c209a97130d3fd944420c,,
0xf3cc4cf499f2fe23a3c2fdae81bf206cfa7e2cc7,29347607,1654760308,,0xb28ab1aade4c75f8cf013136fc0c290aeaea9ba6-0x741a0719b501d7808ab2f3c6134e600f062321929568ef6ba925ad24ee1030f2,
0x4c00f509fc5411428b1f870acab7c58a399e0181,29347863,1654760918,0x257fe2e49530a4b7fc3ed597465e2931db3f20b7-0x4c00f509fc5411428b1f870acab7c58a399e0181,,
0x58233f93abd8acdf0231590fc9eaa7a9551aa04d,29348500,1654762232,0x257fe2e49530a4b7fc3ed597465e2931db3f20b7-0x58233f93abd8acdf0231590fc9eaa7a9551aa04d,,
0xf807ca842d8fb217fcf0a0df8e84e447358c6e86,29349611,1654764650,,,0x95f57249e6dd394318025068a8bfc841ac6ec0dd
0x80bcd42b3ca964c6e7933529436ff2f2300d0797,29369844,1654808447,,0xb28ab1aade4c75f8cf013136fc0c290aeaea9ba6-0xe4c245a3cba68862ad09573bda981650a66ad9ded9df42b3c3291facc0126aa1,
0xbf0fba0c98e9f79b2859f756794fe9c169aad728,29376649,1654823133,,0xb28ab1aade4c75f8cf013136fc0c290aeaea9ba6-0x737cc4f10d1c2d3707d16780a444f9cebe7c8a9b076eb2a943ba0f60c7add6cf,
0x514f667932daacac6e1f82e8a5b196e8d5c8ef29,29376849,1654823545,,0xb28ab1aade4c75f8cf013136fc0c290aeaea9ba6-0xc537f7c7427edb473d06550995fca6c04ee18b4d97878e70ae9b8200e1c55a3c,
0x3f8b072ed7bac74056b58cb36182e68fd82ae57b,29388530,1654850332,,0xb28ab1aade4c75f8cf013136fc0c290aeaea9ba6-0x38ee7e3d370882e30930eca702e4369514abee63c029e43a2add9791c6674490,
0x1bba8c76debd3348bf3fcf260a2cb6e62a61487f,29390014,1654853527,0x257fe2e49530a4b7fc3ed597465e2931db3f20b7-0x1bba8c76debd3348bf3fcf260a2cb6e62a61487f,,
0x34dcd34293e14530ec2e36fff8c5463e8ccd2e17,29390084,1654853675,0x257fe2e49530a4b7fc3ed597465e2931db3f20b7-0x34dcd34293e14530ec2e36fff8c5463e8ccd2e17,,
0x3be6719f4ff13b0725a266a14fb07fe4748f85cf,29505072,1655097599,0x257fe2e49530a4b7fc3ed597465e2931db3f20b7-0x3be6719f4ff13b0725a266a14fb07fe4748f85cf,,
0x16ac8a7bedaeb0f55750f1e8cb9af906aeb547a4,29524283,1655139534,,0xb28ab1aade4c75f8cf013136fc0c290aeaea9ba6-0x473e374a2c8a2501a4fc6c54d84a3de586c031321522e309d36c90595a47fcd4,
0x33c5f671b10063ba2ab0c0623a19c4e2b8834bf8,29527103,1655145868,0x257fe2e49530a4b7fc3ed597465e2931db3f20b7-0x33c5f671b10063ba2ab0c0623a19c4e2b8834bf8,,
0xa7ba0b7c779ddb3a38d73260115bb52c32548638,29527103,1655145868,0x257fe2e49530a4b7fc3ed597465e2931db3f20b7-0xa7ba0b7c779ddb3a38d73260115bb52c32548638,,
0x625b1a821228662100a090e37a57c317340564f7,29542417,1655178001,0x257fe2e49530a4b7fc3ed597465e2931db3f20b7-0x625b1a821228662100a090e37a57c317340564f7,,
0xea149d43d2b172ee11ca4b2bc462447d0e20e3f6,29543674,1655180591,0x257fe2e49530a4b7fc3ed597465e2931db3f20b7-0xea149d43d2b172ee11ca4b2bc462447d0e20e3f6,,
0x5365eacd003b18d7d0f0f3f3f189128ae089cfd9,29620463,1655344761,0x257fe2e49530a4b7fc3ed597465e2931db3f20b7-0x5365eacd003b18d7d0f0f3f3f189128ae089cfd9,,
0x7942c35e62cb2463937e0c137e013a1630737056,29623629,1655351809,0x257fe2e49530a4b7fc3ed597465e2931db3f20b7-0x7942c35e62cb2463937e0c137e013a1630737056,,
0x8fec357f29dae109467ba8f76eb3eecd2ab62b89,29626495,1655358103,0x257fe2e49530a4b7fc3ed597465e2931db3f20b7-0x8fec357f29dae109467ba8f76eb3eecd2ab62b89,,
0x0f132a4310baa8a500f6640703444b5b5be14fed,29626683,1655358619,0x257fe2e49530a4b7fc3ed597465e2931db3f20b7-0x0f132a4310baa8a500f6640703444b5b5be14fed,,
0x5dee8cf174cec6b8502b53dad0b3a80609fcfb33,29630778,1655368345,0x257fe2e49530a4b7fc3ed597465e2931db3f20b7-0x5dee8cf174cec6b8502b53dad0b3a80609fcfb33,,
0xa14402ed955756a52b2c02098e1865d6f78ff023,29630965,1655368731,0x257fe2e49530a4b7fc3ed597465e2931db3f20b7-0xa14402ed955756a52b2c02098e1865d6f78ff023,,
0xc620ae05167760d528c420cd54a7e599c1639eb8,29638316,1655385557,,0xb28ab1aade4c75f8cf013136fc0c290aeaea9ba6-0x9e76d252ebacfe70df5143a32e88e554dabb515e31fe5e8ae8837aba283f9d32,
0x50c7448eac0999c5bc4c285e02a5cb7b86c5ee45,29652603,1655417541,,,0xe7832a036da14dc3bbcec5f73a8193221e9f0da5
0x4c324ddbc117a7a93c08d0060ed50cf61a1cf6c0,29708725,1655543029,,,0x5702f53698e462a165f47e5022d367c1a3609cb9
0x307de5283e64b96708730e6f783c979f3b0731d5,29717280,1655561341,,,0x101a4575f44b22656bed2ba428d2f48eed6b398a
0xf97a436872017c95f6fa20c07b2a19fa854eea18,29719046,1655565125,,0xb28ab1aade4c75f8cf013136fc0c290aeaea9ba6-0xa70c746131db9cf2826d7d16e4b3c9b6a1a156e195bf999a5a6a325c8c9b9f48,
0xeaa11fad83d27b777b67c4ad446d36c60fcaac7d,29719274,1655565593,,0xb28ab1aade4c75f8cf013136fc0c290aeaea9ba6-0xa369ac724b1d1248694f62fe6c462abbdca10328bbbd8f32d5a0fad779490ef2,
0x378e799200664487a2160004e3e8347db2775572,29734793,1655601023,,,0x56a5cf2fb3f5b12e6c4bc4c0f100800d3735e522
0xb29dba717a1c597a2b174123f3711571e0208a18,29811712,1655778237,0x257fe2e49530a4b7fc3ed597465e2931db3f20b7-0xb29dba717a1c597a2b174123f3711571e0208a18,,
0xaf0311880193919620304a73d5e7c0259716ed7a,29813345,1655781859,0x257fe2e49530a4b7fc3ed597465e2931db3f20b7-0xaf0311880193919620304a73d5e7c0259716ed7a,,
0x307b033c1daf1f18675cf23e7ea63514d61888f8,29813626,1655782437,0x257fe2e49530a4b7fc3ed597465e2931db3f20b7-0x307b033c1daf1f18675cf23e7ea63514d61888f8,,
0x607f5775c36235040eaa78561425321e7d53594a,29814943,1655785283,0x257fe2e49530a4b7fc3ed597465e2931db3f20b7-0x607f5775c36235040eaa78561425321e7d53594a,,
0x2bf8ac12483a9500311fc4c40fa8b3fe45e55b56,29815194,1655785801,0x257fe2e49530a4b7fc3ed597465e2931db3f20b7-0x2bf8ac12483a9500311fc4c40fa8b3fe45e55b56,,
0x56a85691eba05a84f5730aa2a0619d84ff8ab34a,29861865,1655888552,0x257fe2e49530a4b7fc3ed597465e2931db3f20b7-0x56a85691eba05a84f5730aa2a0619d84ff8ab34a,,
0x065a2871ed8d58743291852457cef3dd1a26f4e1,29887798,1655946148,,0xb28ab1aade4c75f8cf013136fc0c290aeaea9ba6-0xb229150c6e69bf5b3fbdbdd2c6a824008f2700c2197c80f3a16e2124354960d7,
0xb9ee429124f188b281fe10c9f4f4d776a79496b9,29887879,1655946334,0x257fe2e49530a4b7fc3ed597465e2931db3f20b7-0xb9ee429124f188b281fe10c9f4f4d776a79496b9,,
0x5289a3a40d5bb754fbc25f3ed8614838a918a175,29891433,1655954030,0x257fe2e49530a4b7fc3ed597465e2931db3f20b7-0x5289a3a40d5bb754fbc25f3ed8614838a918a175,,
0x388aaa97f0df070e26e0e634357957dcc5d9d5eb,29891499,1655954166,0x257fe2e49530a4b7fc3ed597465e2931db3f20b7-0x388aaa97f0df070e26e0e634357957dcc5d9d5eb,,
0xc7abac910c4f8242f4b4d2e963c12f169005c51e,29891999,1655955198,,0xb28ab1aade4c75f8cf013136fc0c290aeaea9ba6-0x23fcccb378a75f10acd1b6e66e6dcb0492c47b138f5156039e662661b201250e,
0x48bbb3e7130b5c1f5c432f8e4e6a70ac427c8a0e,29892838,1655956928,0x257fe2e49530a4b7fc3ed597465e2931db3f20b7-0x48bbb3e7130b5c1f5c432f8e4e6a70ac427c8a0e,,
0x02b36c5e047131977dcd037f102401f1a491188b,29896369,1655964726,0x257fe2e49530a4b7fc3ed597465e2931db3f20b7-0x02b36c5e047131977dcd037f102401f1a491188b,,
0xc8a8428f2d635e735291db6707da866d099d3e93,29896656,1655965448,0x257fe2e49530a4b7fc3ed597465e2931db3f20b7-0xc8a8428f2d635e735291db6707da866d099d3e93,,
0xa3c4ce5f6bdb909ba1289b8b9eea53cf8d9af99b,29896809,1655965762,0x257fe2e49530a4b7fc3ed597465e2931db3f20b7-0xa3c4ce5f6bdb909ba1289b8b9eea53cf8d9af99b,,
0x1179d5acccc6fb6f882d3af0740167e7d276d8d7,29897480,1655967276,0x257fe2e49530a4b7fc3ed597465e2931db3f20b7-0x1179d5acccc6fb6f882d3af0740167e7d276d8d7,,
0xad9e76451cb2684f4f4230579f9988edaca92884,29897730,1655967920,0x257fe2e49530a4b7fc3ed597465e2931db3f20b7-0xad9e76451cb2684f4f4230579f9988edaca92884,,
0x0fde126eefe746935b867f5c83831d3294ba3aba,29897858,1655968184,0x257fe2e49530a4b7fc3ed597465e2931db3f20b7-0x0fde126eefe746935b867f5c83831d3294ba3aba,,
0xe90f840189a2d0755258ee8542fb484685b7fefe,29898022,1655968520,0x257fe2e49530a4b7fc3ed597465e2931db3f20b7-0xe90f840189a2d0755258ee8542fb484685b7fefe,,
0x36027d4081ce76bdc1dc1cda40be3d5c6041d54d,29898160,1655968804,0x257fe2e49530a4b7fc3ed597465e2931db3f20b7-0x36027d4081ce76bdc1dc1cda40be3d5c6041d54d,,
0xb65e86ea828adbb83ede343c8c1be93fb6fea75b,29900133,1655973391,0x257fe2e49530a4b7fc3ed597465e2931db3f20b7-0xb65e86ea828adbb83ede343c8c1be93fb6fea75b,,
0xb4f9cb659d4f49248af888e95016828b4430de85,29900340,1655973923,,0xb28ab1aade4c75f8cf013136fc0c290aeaea9ba6-0xc02546a82e1ae2e9d64abe84cd36a0826d88628e7da54b289b2ff1e5c20f3569,
0x6c2992551e1b122805bc640e7d332ab0bffa7726,29900734,1655974757,,0xb28ab1aade4c75f8cf013136fc0c290aeaea9ba6-0xc1f8173c86b9513d8eb40cf7f2a21a5c161c61a3a77365c992b0689fc738be3f,
0x2602e593ee3ec872281c267fe627a1a8d6cbedd6,29900886,1655975201,0x257fe2e49530a4b7fc3ed597465e2931db3f20b7-0x2602e593ee3ec872281c267fe627a1a8d6cbedd6,,
0x42c73f3c5ee51af37bdd90c6e147d205f6c6225f,29901887,1655977519,,0xb28ab1aade4c75f8cf013136fc0c290aeaea9ba6-0xeb92f3fd7831e3582b64a388da62332d96147fd529081c6ca3f8f75af564077c,
0x235beac55ce6ebee3b8e2d87895693b4ebcfc281,29902164,1655978093,,0xb28ab1aade4c75f8cf013136fc0c290aeaea9ba6-0xa4f32aefe29da6f466e75ad364d689e5584b8876028be6092cc983776f0e9160,
0xb297880b252ba07428b68276e428465bf0a3a031,29903245,1655980579,,0xb28ab1aade4c75f8cf013136fc0c290aeaea9ba6-0x56be4c6b14d736571d7c669300b050664a1cc276476d595da5ae0838443a1d82,
0x2735c5ccc31fb44a630cba30170ed46c6e4da77e,29928535,1656037349,0x257fe2e49530a4b7fc3ed597465e2931db3f20b7-0x2735c5ccc31fb44a630cba30170ed46c6e4da77e,,
0xf04c71a1250978119f6a84c83b8eced5234e6dfa,29928807,1656037909,0x257fe2e49530a4b7fc3ed597465e2931db3f20b7-0xf04c71a1250978119f6a84c83b8eced5234e6dfa,,
0xc9ccd29f75d9a12752206a17d1cccb6fc20b0f1f,29938261,1656059593,0x257fe2e49530a4b7fc3ed597465e2931db3f20b7-0xc9ccd29f75d9a12752206a17d1cccb6fc20b0f1f,,
0xc1a4d48ab7e5a21a03785a0d939ae5b085362f9d,29939208,1656061803,,0xb28ab1aade4c75f8cf013136fc0c290aeaea9ba6-0xefcce90c356432c54d63f3b10bfb1bb45a55a152980d7e4f5437abf81a452dee,
0xd166ee22c671a51e1e72ddd59c7cf4ce840e1706,29940303,1656064191,0x257fe2e49530a4b7fc3ed597465e2931db3f20b7-0xd166ee22c671a51e1e72ddd59c7cf4ce840e1706,,
0xf343209561d62a44df76b109c7d8a87b616540a7,30053076,1656319754,,0xb28ab1aade4c75f8cf013136fc0c290aeaea9ba6-0x2500f9b51371994149651174fc78d3c40177acbc57d86c7e1f7036445f705ddb,
0x66248aaf32269fcc76acb4d2608b81efb12efb8a,30053140,1656319886,,0xb28ab1aade4c75f8cf013136fc0c290aeaea9ba6-0x439ebbbd2051ad74f1057d5a10b5830c8948a1075dea5128471c83bec06db797,
0x850f4a1585b123d4caaf9ece7c104198f1b73a9c,30053310,1656320234,0x257fe2e49530a4b7fc3ed597465e2931db3f20b7-0x850f4a1585b123d4caaf9ece7c104198f1b73a9c,,
0x79443b5b451981e723453deb5b542d9cd2ce380e,30054384,1656322450,,0xb28ab1aade4c75f8cf013136fc0c290aeaea9ba6-0xb4ad348756b47b19b5ec5dbbadbfebe3f17dbee4297f1226641b5c5016908bb4,
0x17b185473316db77ecb5e41d98fe0f033069776c,30057145,1656328422,,,0x569c692125cf32baf19e4ce713f9cf43e4c18c2c
0x7639938b2fd6e2f456e4a15ea7ffe202a88f7caa,30082628,1656386642,,0xb28ab1aade4c75f8cf013136fc0c290aeaea9ba6-0x7aaba0765d33d97d01e9b1a9608643c885e7ed26064354e70bbe48056413c588,
0x5f8f8484f40f9003410dd3578e632bca811afd5e,30087989,1656398190,0x257fe2e49530a4b7fc3ed597465e2931db3f20b7-0x5f8f8484f40f9003410dd3578e632bca811afd5e,,
0x59f172b7d9a55a0f803e9dbe066486a4cee3e24f,30090801,1656404549,0x257fe2e49530a4b7fc3ed597465e2931db3f20b7-0x59f172b7d9a55a0f803e9dbe066486a4cee3e24f,,
0x3e677ff544f4b854793c2f9f399f66f3639001d4,30091238,1656405579,0x257fe2e49530a4b7fc3ed597465e2931db3f20b7-0x3e677ff544f4b854793c2f9f399f66f3639001d4,,
0x4c67e701b65a870340819a404e8939053b9ad83f,30094374,1656412772,,,0x1f5927cb77ea8449f0281ed14847a70d7a4f7053
0x5e7976381e5b8f4b6922cfc24120b799a8e0a270,30119936,1656469159,,,0x0064e714161a7187a24f3a257ebdf2820e833434
0xe574cd0081b80ffb174e54e457b1b60619712da3,30121790,1656473238,0x257fe2e49530a4b7fc3ed597465e2931db3f20b7-0xe574cd0081b80ffb174e54e457b1b60619712da3,,
0x74ba30fb3d6ffc15b1bcec6f1cd2ab0c9931c58a,30122450,1656474730,,0xb28ab1aade4c75f8cf013136fc0c290aeaea9ba6-0x618f28682dcb1f222fcff8d69ade22f675c7abb995d34f9104ee438c62a8a927,
0xb6e237b9c0ca85950cc8896ba611dd94a167e7e9,30122938,1656475852,0x257fe2e49530a4b7fc3ed597465e2931db3f20b7-0xb6e237b9c0ca85950cc8896ba611dd94a167e7e9,,
0x0be4eee288db0b9f4a4f675e3cdd79653a5efac7,30123274,1656476558,0x257fe2e49530a4b7fc3ed597465e2931db3f20b7-0x0be4eee288db0b9f4a4f675e3cdd79653a5efac7,,
0x30e8b1cc1b0dfb3dd98e3d138afffe75091bfefe,30125067,1656480641,0x257fe2e49530a4b7fc3ed597465e2931db3f20b7-0x30e8b1cc1b0dfb3dd98e3d138afffe75091bfefe,,
0x407595d86135a2ada0e392692e716d0e6fced83e,30125959,1656482737,0x257fe2e49530a4b7fc3ed597465e2931db3f20b7-0x407595d86135a2ada0e392692e716d0e6fced83e,,
0x9d16f9a53b72e47bca966e64c0e923e736214b20,30125959,1656482737,0x257fe2e49530a4b7fc3ed597465e2931db3f20b7-0x9d16f9a53b72e47bca966e64c0e923e736214b20,,
0x4a9739cff3322f37451831ff5eafb36de961f288,30126117,1656483061,0x257fe2e49530a4b7fc3ed597465e2931db3f20b7-0x4a9739cff3322f37451831ff5eafb36de961f288,,
0x3231fe643f9eaf0011e32320523950f4272b87b5,30127558,1656486292,0x257fe2e49530a4b7fc3ed597465e2931db3f20b7-0x3231fe643f9eaf0011e32320523950f4272b87b5,,
0xd01845ccdd064f3d7f6435b84051fdf88df0f394,30127595,1656486366,0x257fe2e49530a4b7fc3ed597465e2931db3f20b7-0xd01845ccdd064f3d7f6435b84051fdf88df0f394,,
0x0a31976cfd9eae0bf33cd6456a5cef664cbabee0,30129636,1656490966,0x257fe2e49530a4b7fc3ed597465e2931db3f20b7-0x0a31976cfd9eae0bf33cd6456a5cef664cbabee0,,
0xda3ee6f164ce1b28fadbb0e81b95d4a69ec5d954,30143869,1656522474,0x257fe2e49530a4b7fc3ed597465e2931db3f20b7-0xda3ee6f164ce1b28fadbb0e81b95d4a69ec5d954,,
0x06d2ff496036383d5eb20442f8ae8c7c302f3bc4,30144194,1656523148,0x257fe2e49530a4b7fc3ed597465e2931db3f20b7-0x06d2ff496036383d5eb20442f8ae8c7c302f3bc4,,
0x44bd4d9d0e79b19f005dc0f85452ace2dba23661,30144420,1656523612,0x257fe2e49530a4b7fc3ed597465e2931db3f20b7-0x44bd4d9d0e79b19f005dc0f85452ace2dba23661,,
0xb693b450694a03d892ea4e9ffb024c497cec4ebc,30159447,1656557429,0x257fe2e49530a4b7fc3ed597465e2931db3f20b7-0xb693b450694a03d892ea4e9ffb024c497cec4ebc,,
0x15fc932fc7045eb2a4af79046437bb8047b1a5e5,30159976,1656558647,0x257fe2e49530a4b7fc3ed597465e2931db3f20b7-0x15fc932fc7045eb2a4af79046437bb8047b1a5e5,,
0x35ca8f59abb89a3c98a4fc6071d3a165a65c6f2a,30159976,1656558647,0x257fe2e49530a4b7fc3ed597465e2931db3f20b7-0x35ca8f59abb89a3c98a4fc6071d3a165a65c6f2a,,
0xabcbacd452e7c5390c37260477505a0a5186aa00,30162189,1656563599,0x257fe2e49530a4b7fc3ed597465e2931db3f20b7-0xabcbacd452e7c5390c37260477505a0a5186aa00,,
0xd72fbaa6071c5cedafab83235bab47b2894ab88e,30163232,1656566012,0x257fe2e49530a4b7fc3ed597465e2931db3f20b7-0xd72fbaa6071c5cedafab83235bab47b2894ab88e,,
0xea04efce09f290b1a489a41e939167879cd8ea9b,30169038,1656578631,0x257fe2e49530a4b7fc3ed597465e2931db3f20b7-0xea04efce09f290b1a489a41e939167879cd8ea9b,,
0x0eee52a43caa6fda585a053d869bb38d183ba61e,30169212,1656578987,0x257fe2e49530a4b7fc3ed597465e2931db3f20b7-0x0eee52a43caa6fda585a053d869bb38d183ba61e,,
0x5d4317c3b526e3258727a779cc307b3e9336f0c0,30169519,1656579621,0x257fe2e49530a4b7fc3ed597465e2931db3f20b7-0x5d4317c3b526e3258727a779cc307b3e9336f0c0,,
0x4424a66fb7043d856632381eee25859716f1346b,30247440,1656755631,,,0x193f1ce9108644cd4d09c769d8dcd100f2b901d6
0x4ad430b1d323096d611260dfb8cb3bf4120ec9d9,30248491,1656757925,,,0x9aa294df1b4c910e224422c7d6548c3c351f121a
0xb5c34a9a3eedcfdcb09ca59975bc95d04d181c4d,30251690,1656765335,,0xb28ab1aade4c75f8cf013136fc0c290aeaea9ba6-0x69b34f876f6ef7c55b607da0fd4f5cd697ca3e49d49ba013ae1b954ecd21e348,
0xb1b196e609e211aa7a9f001e8bdc4bab86df380f,30257465,1656779458,,,0x800d0c1e4fb219a2d9bd2f292aa91abdcd862915
0x0ae7577fc8b0578a8860528e32140827973b5641,30270165,1656808662,,,0x5282476fad14439cb8e66d6734a24598d3da7946
0x529a509c20569e81bf1de7513ebb6867faaa09ea,30312417,1656903309,,0xb28ab1aade4c75f8cf013136fc0c290aeaea9ba6-0x2528c955286d799f0a00403c352c9203286722eca23b6f27db975d0574c1c699,
0x34035e99ab21881e42af389a2d7138290d8c3a63,30317319,1656914446,,0xb28ab1aade4c75f8cf013136fc0c290aeaea9ba6-0xa26cff7ef619d61d6483f52aafdeb0a56fbee5f3fc8154d757a73593c995a31b,
0x226ca0314b991ce10ffd6503d2d27a73ef343dbd,30317440,1656914696,,0xb28ab1aade4c75f8cf013136fc0c290aeaea9ba6-0xd6a9ac9b5ef1436f633b4202baeb145775392223a7009475b2b333f0e396f0e6,
0x93ef0f146e1c2c3ab5eb889765639071398fc29d,30317947,1656915867,,0xb28ab1aade4c75f8cf013136fc0c290aeaea9ba6-0x224882b7a197a12b006f411873267c14c1bd8bdcc2e31f0eb4b3f72a51bf30c7,
0xf222278f9efee11f9b64634c5b5d349488568115,30318256,1656916505,,0xb28ab1aade4c75f8cf013136fc0c290aeaea9ba6-0xed0071d862e32ea8fc583735337e5b8682895f91fddefc37717a96d8dadc852f,
0x581c4d69f9f54a592c8fdae13fd0d822326d57dc,30318745,1656917652,,0xb28ab1aade4c75f8cf013136fc0c290aeaea9ba6-0x66ba169c77cf645729d864b252db382478914c4bbb031cf03a42c03eb33a8378,
0xf34042d0a574cf540dcbb15a56a9ad4eb75bc44a,30318758,1656917678,,0xb28ab1aade4c75f8cf013136fc0c290aeaea9ba6-0xd84c0e60450034d9e49e30c9d9207c8e952d2ed7f1db269d64b739305b402a13,
0xfc0af31f599817c82c843efd3cc8709d01854642,30318941,1656918058,,0xb28ab1aade4c75f8cf013136fc0c290aeaea9ba6-0xb85b2bba3d03932e08f6294114c0e89e7ebd26be3ec51f942e781ab67056662a,
0xf1969f44993f5e2992fffbaa0610f62f13330289,30319225,1656918770,,0xb28ab1aade4c75f8cf013136fc0c290aeaea9ba6-0x0a402459fae5207b5b91c7aa08769ac95e9dbddfdaeb4ac1064353a1c1d9af2e,
0xaa316a36db2fd9f6875053607733a16c43e218b8,30319233,1656918790,,0xb28ab1aade4c75f8cf013136fc0c290aeaea9ba6-0x1682ab203a7b11da3069297795c790fe27371041f2cbd1f2174bc4a3311f70bb,
0x19c35c63f20d97b9d4758f152477948a9a052a65,30319435,1656919206,,0xb28ab1aade4c75f8cf013136fc0c290aeaea9ba6-0x6f5fba30a269d504650c43fb19178bc20082e99519df27042f750ca2dc9e9953,
0x39526dff9f56c47c18ca58b64a094b5f0a7ca34d,30319488,1656919316,,0xb28ab1aade4c75f8cf013136fc0c290aeaea9ba6-0x08245d7992b7c03851ba13228597b5d50d3cffbfaff0aa4a0d9b4a052cb1845a,
0x0e12928c198ed07b53d8e3d30684bd575c4f6bad,30319670,1656919688,,0xb28ab1aade4c75f8cf013136fc0c290aeaea9ba6-0xb32835b0453d757269fbdd465436ec31159fb31945809bf928bcce15435507ca,
0x3ee7d021ea30d035bbca7f1672dc40a0b953df78,30319871,1656920106,,0xb28ab1aade4c75f8cf013136fc0c290aeaea9ba6-0xa2889dd45ae32e88a89f4acd2ff13f5147f5bba84ac34e18f597d663f0d3bcd6,
0xf6e22bb0ad0a9d22175c67a88ad666a5d48dce76,30339447,1656964381,,,0x4ef9f3b905aee2b36e350171d84776e90d03d7fd
0x7804711637b3bc378b40131a4d13fb7a5abc872f,30357441,1657005139,,0xb28ab1aade4c75f8cf013136fc0c290aeaea9ba6-0xe20d3ef37100536005db053eb74d718da0340f3685dab5cf798db1d397faa327,
0xb625fb5f620c246e3fa1d66651fecb20dc4d7457,30358253,1657006959,,0xb28ab1aade4c75f8cf013136fc0c290aeaea9ba6-0xc73cac4871e4aa99ea2ff4a73466fb98bc49844d04d04c2ee592b5b34e7ef1cd,
0x373d5f441aec83ee0a862d9fd84b2c206c7f4f37,30358307,1657007143,,0xb28ab1aade4c75f8cf013136fc0c290aeaea9ba6-0x321cb956cf09dbb2af368d526b3cd0fafaa376e3615bd850c55b20df94502008,
0x23aac975fae3079dfb1714a0ff8a644d39010be8,30358481,1657007559,0x257fe2e49530a4b7fc3ed597465e2931db3f20b7-0x23aac975fae3079dfb1714a0ff8a644d39010be8,,
0x083e8eca60eb88848d81efc96c5db2dcdad7a85b,30358997,1657008759,,0xb28ab1aade4c75f8cf013136fc0c290aeaea9ba6-0x95370d37909dc707d2372acd392bf31362ed9b490d822989030430266ac80c90,
0x19c5c1757634c87e50b8647189272cf618a4fbc0,30359067,1657008903,0x257fe2e49530a4b7fc3ed597465e2931db3f20b7-0x19c5c1757634c87e50b8647189272cf618a4fbc0,,
0x25064f464480abe3955da3c3db6431c660ca846c,30359297,1657009379,0x257fe2e49530a4b7fc3ed597465e2931db3f20b7-0x25064f464480abe3955da3c3db6431c660ca846c,,
0xc628158aebd84493135718e05118dc7b7cc664f4,30363095,1657017899,0x257fe2e49530a4b7fc3ed597465e2931db3f20b7-0xc628158aebd84493135718e05118dc7b7cc664f4,,
0xd47b5d359184779e7cd1fd038e41af8da1ddd0d7,30364909,1657022069,,,0xfaf5d582fb2cf084df4e7704ff0d1c4806a15608
0x34d90c7d0bef4708784be9b957209971bb9221c0,30395036,1657090657,0x257fe2e49530a4b7fc3ed597465e2931db3f20b7-0x34d90c7d0bef4708784be9b957209971bb9221c0,,
0xfa78095a30e44441e8e6f0c6de0581e7ffdb5458,30395421,1657091451,,0xb28ab1aade4c75f8cf013136fc0c290aeaea9ba6-0xd8c5b9b8341dbfbc1219364a8ab6a26c23cc7184f0f21b737bcc8b07e027d561,
0x404b602af3ec306387b59e2ba1dfd0598b964feb,30396240,1657093397,0x257fe2e49530a4b7fc3ed597465e2931db3f20b7-0x404b602af3ec306387b59e2ba1dfd0598b964feb,,
0x50a55a6bc162efef072448fd451437ef46621321,30396416,1657093761,0x257fe2e49530a4b7fc3ed597465e2931db3f20b7-0x50a55a6bc162efef072448fd451437ef46621321,,
0x6f735b6a2cf1e180850b0f60c87ba64a3a89ba0b,30396654,1657094252,0x257fe2e49530a4b7fc3ed597465e2931db3f20b7-0x6f735b6a2cf1e180850b0f60c87ba64a3a89ba0b,,
0x8cce2a217ff795b857692dd0f230fbc4ad9b3902,30399018,1657099513,,,0xa5d95847ef1264ce718771b3dee1349fded749e9
0xb8fda3c3f23b77e4c3db697ca6f919f03dbb2709,30399243,1657099979,,,0xf70e36eb49899560e4c05802ee8cf595b0b117cf
0xaee650c7b6a4de1ce4a32cc033204eeb1ad14493,30399655,1657100955,,,0x6e747be1d2d298a06838aa4f30836877036bf90a
0xefe03697e1da2820f91cf697a39265e0792c0bcf,30400456,1657102743,,,0x777aa1b743bb36a7913003a41366226da3c66e97
0x5066cd5f6db4fec9974bdf149c0073041a6c6561,30400640,1657103123,,,0x4424a5326422199dd79274884f72f5dc2d9f65d5
0x62bac45914c45d7fe052e35630af16189f67bfd2,30400883,1657103621,,,0xff230359aa915998d6fb47dc617c0f423b66cfdb
0xa8627ac7bc96a865fe10660de7fe771622f6ea75,30401017,1657103897,,,0xd0280736b1c74890ec761f9008a1e26f5c1ffa25
0x16d2cee4c91d4a61c234b375fb977616bcabb5c7,30401181,1657104237,,,0x3fdc6cf954620762ecaadbc9366b8a4e0bdfd0ae
0xcb28f847303d0f23a9143b8406b040c802c80095,30402329,1657106733,,0xb28ab1aade4c75f8cf013136fc0c290aeaea9ba6-0xa70a3e470bc0b36df8c2ed338fd51b95b2c508300714fc44db0693e011382fbd,
0x3c1d7de16a510e925e71f86b6fb12e5d593cda4d,30423884,1657155290,0x257fe2e49530a4b7fc3ed597465e2931db3f20b7-0x3c1d7de16a510e925e71f86b6fb12e5d593cda4d,,
0xa177702a431c7e56f2420c1b315a6bd294dbdd23,30424433,1657156548,0x257fe2e49530a4b7fc3ed597465e2931db3f20b7-0xa177702a431c7e56f2420c1b315a6bd294dbdd23,,
0x8b6ebd6ef352f65084a3ec02108e2beb9f35f134,30424457,1657156600,0x257fe2e49530a4b7fc3ed597465e2931db3f20b7-0x8b6ebd6ef352f65084a3ec02108e2beb9f35f134,,
0x32c19a2408d4a257014e08e3ef2949d3dd0900a0,30424715,1657157132,0x257fe2e49530a4b7fc3ed597465e2931db3f20b7-0x32c19a2408d4a257014e08e3ef2949d3dd0900a0,,
0xf7894240350439d2a66b0bf2d2721d31ae27170b,30431055,1657170766,0x257fe2e49530a4b7fc3ed597465e2931db3f20b7-0xf7894240350439d2a66b0bf2d2721d31ae27170b,,
0x12bb8c913e7ba8e8944a520a97d777bb69b26123,30432151,1657173154,0x257fe2e49530a4b7fc3ed597465e2931db3f20b7-0x12bb8c913e7ba8e8944a520a97d777bb69b26123,,
0x8fc9f4e75737b9d5127245b5bdc08258eb38ac62,30435641,1657181025,0x257fe2e49530a4b7fc3ed597465e2931db3f20b7-0x8fc9f4e75737b9d5127245b5bdc08258eb38ac62,,
0xca21f0490c5e480e69f0fbfcc23d8791710aaa3d,30437022,1657184132,0x257fe2e49530a4b7fc3ed597465e2931db3f20b7-0xca21f0490c5e480e69f0fbfcc23d8791710aaa3d,,
0x342bf3b7642fcf31e3dc54e2e1f310faf5f7851a,30437172,1657184441,0x257fe2e49530a4b7fc3ed597465e2931db3f20b7-0x342bf3b7642fcf31e3dc54e2e1f310faf5f7851a,,
0xef21731a477653e36ecdec13f94cf0805187829d,30437493,1657185103,0x257fe2e49530a4b7fc3ed597465e2931db3f20b7-0xef21731a477653e36ecdec13f94cf0805187829d,,
0xb3d26720b24b693552d08c7aace356b42354a0cd,30437671,1657185471,0x257fe2e49530a4b7fc3ed597465e2931db3f20b7-0xb3d26720b24b693552d08c7aace356b42354a0cd,,
0x09688c61a80b91813d7088a3fdee4544791b5abe,30437672,1657185473,0x257fe2e49530a4b7fc3ed597465e2931db3f20b7-0x09688c61a80b91813d7088a3fdee4544791b5abe,,
0x3128e0ee03b066e8a5424dc15c318c575f08f617,30437800,1657185865,0x257fe2e49530a4b7fc3ed597465e2931db3f20b7-0x3128e0ee03b066e8a5424dc15c318c575f08f617,,
0x3fddf91b34888633e628ec2c5ed1494350d9bdd3,30437800,1657185865,0x257fe2e49530a4b7fc3ed597465e2931db3f20b7-0x3fddf91b34888633e628ec2c5ed1494350d9bdd3,,
0x0e0a69c0852bea05e7e577283577f9a845d2b6bb,30438813,1657188089,0x257fe2e49530a4b7fc3ed597465e2931db3f20b7-0x0e0a69c0852bea05e7e577283577f9a845d2b6bb,,
0x8bfe851e74c9cc6f86c60a537d20297b8aac6cff,30588756,1657512205,,0xb28ab1aade4c75f8cf013136fc0c290aeaea9ba6-0xcc4537bdb1944bb9e914859f5b509ca622448b36f8b97a01a5b1a6e93b56eee1,
0xdbac7a956f7ab8abb95e95a67bd389ea54bd1e4c,30593835,1657523191,0x257fe2e49530a4b7fc3ed597465e2931db3f20b7-0xdbac7a956f7ab8abb95e95a67bd389ea54bd1e4c,,
0xdc3ce8791fb729a728894fa1446f26b712afa845,30633189,1657610301,,0xb28ab1aade4c75f8cf013136fc0c290aeaea9ba6-0x9ec2fd626c3d1a6c2171f2a47e57f252ad312c6ca9063af800eb0ffa42fe904a,
0xd7f4d80afd5e663667842d5225db570b3bb18341,30633398,1657610731,0x257fe2e49530a4b7fc3ed597465e2931db3f20b7-0xd7f4d80afd5e663667842d5225db570b3bb18341,,
0x1f603d21b29bb8624a0f66821c780a8fa0a04776,30633783,1657611525,0x257fe2e49530a4b7fc3ed597465e2931db3f20b7-0x1f603d21b29bb8624a0f66821c780a8fa0a04776,,
0x851dad33c5a2a965adc69cf477e117b1f68c003e,30633825,1657611613,,0xb28ab1aade4c75f8cf013136fc0c290aeaea9ba6-0x908af1eb5205fadfd3364f47681b1b478607aa334ba26203c6b7babf1c597d8c,
0xbe3fd4af144e8fbd6bc87a6779eac6f25b22fa42,30634088,1657612155,,0xb28ab1aade4c75f8cf013136fc0c290aeaea9ba6-0x82c0a911d17fd3de28b44ee9b9a65c7f6b10e623df9d292adb2ebfe6228fbe07,
0xd0d2e613f3a536d55bb127693c1d066edd6e1978,30634395,1657612789,0x257fe2e49530a4b7fc3ed597465e2931db3f20b7-0xd0d2e613f3a536d55bb127693c1d066edd6e1978,,
0xb5e99fd711c7a44fe16112ed47175a0871b43d1f,30635146,1657614339,0x257fe2e49530a4b7fc3ed597465e2931db3f20b7-0xb5e99fd711c7a44fe16112ed47175a0871b43d1f,,
0x25c8bf9f695301b5851c698aa89c73b0cf6a8ae7,30635561,1657615195,0x257fe2e49530a4b7fc3ed597465e2931db3f20b7-0x25c8bf9f695301b5851c698aa89c73b0cf6a8ae7,,
0xa2afece94ae6504636b56ff35a96df82550daeeb,30635734,1657615553,0x257fe2e49530a4b7fc3ed597465e2931db3f20b7-0xa2afece94ae6504636b56ff35a96df82550daeeb,,
0xe398fa95865917f4104dd446c5b91d3dc7ac99f1,30636052,1657616209,0x257fe2e49530a4b7fc3ed597465e2931db3f20b7-0xe398fa95865917f4104dd446c5b91d3dc7ac99f1,,
0x7a68767fc1bb74883511fb539164d7c889c485f6,30641556,1657628843,,0xb28ab1aade4c75f8cf013136fc0c290aeaea9ba6-0x493d82577aa272b828848d93f0db50ab5d3e802208badefc6920e10a1082854d,
0xab07313e4b07e0c1c908e34158f521220a04f94c,30644017,1657634689,0x257fe2e49530a4b7fc3ed597465e2931db3f20b7-0xab07313e4b07e0c1c908e34158f521220a04f94c,,
0xd3248461f8c2ffa9a82f9d467fad6bc16865cc2a,30644062,1657634845,0x257fe2e49530a4b7fc3ed597465e2931db3f20b7-0xd3248461f8c2ffa9a82f9d467fad6bc16865cc2a,,
0xdfc8fa77354ac08b49a351331c1f6043c264e2fd,30645529,1657638193,0x257fe2e49530a4b7fc3ed597465e2931db3f20b7-0xdfc8fa77354ac08b49a351331c1f6043c264e2fd,,
0xfacf3fca1160c9c008891f815136937d4c83026a,30645851,1657638985,0x257fe2e49530a4b7fc3ed597465e2931db3f20b7-0xfacf3fca1160c9c008891f815136937d4c83026a,,
0xe401f1e2f8066767970d47b23fd66bfc12e9a2c7,30645906,1657639100,0x257fe2e49530a4b7fc3ed597465e2931db3f20b7-0xe401f1e2f8066767970d47b23fd66bfc12e9a2c7,,
0x63f70e10beb6ec832be44c48ea0eda91efe71f7c,30645952,1657639196,0x257fe2e49530a4b7fc3ed597465e2931db3f20b7-0x63f70e10beb6ec832be44c48ea0eda91efe71f7c,,
0xdb95b606ed362fd183ca090a464a5ce6c5822a68,30672617,1657699229,0x257fe2e49530a4b7fc3ed597465e2931db3f20b7-0xdb95b606ed362fd183ca090a464a5ce6c5822a68,,
0x1bb13f828bf2e0f59aebc340ef8deaaef6fb1b53,30674397,1657703421,0x257fe2e49530a4b7fc3ed597465e2931db3f20b7-0x1bb13f828bf2e0f59aebc340ef8deaaef6fb1b53,,
0x5cd30b679fc77f06f848677f2a2eef43cd22b995,30674398,1657703423,0x257fe2e49530a4b7fc3ed597465e2931db3f20b7-0x5cd30b679fc77f06f848677f2a2eef43cd22b995,,
0x3871a2e4525e001e2c09bf4449c8793c17c397a2,30675552,1657706059,0x257fe2e49530a4b7fc3ed597465e2931db3f20b7-0x3871a2e4525e001e2c09bf4449c8793c17c397a2,,
0x6915d1e930a2f425d67032a91078703512da5ac7,30675606,1657706171,0x257fe2e49530a4b7fc3ed597465e2931db3f20b7-0x6915d1e930a2f425d67032a91078703512da5ac7,,
0xa835de66b2144644bd0103a34c1f772ab5862335,30675664,1657706325,0x257fe2e49530a4b7fc3ed597465e2931db3f20b7-0xa835de66b2144644bd0103a34c1f772ab5862335,,
0x2faf7d52553f72845e5a36e2f9ec3e4f6c9acf33,30675672,1657706357,0x257fe2e49530a4b7fc3ed597465e2931db3f20b7-0x2faf7d52553f72845e5a36e2f9ec3e4f6c9acf33,,
0xa2ff159e9d1f26ce546954706737df1ee321fc84,30682107,1657721399,0x257fe2e49530a4b7fc3ed597465e2931db3f20b7-0xa2ff159e9d1f26ce546954706737df1ee321fc84,,
0x6c2ddbccff8212ce0a9e1f03cd480113b4a0e633,30682167,1657721523,0x257fe2e49530a4b7fc3ed597465e2931db3f20b7-0x6c2ddbccff8212ce0a9e1f03cd480113b4a0e633,,
0x6172a8eb293ad00ee40f8baf390009064050a039,30682225,1657721643,0x257fe2e49530a4b7fc3ed597465e2931db3f20b7-0x6172a8eb293ad00ee40f8baf390009064050a039,,
0x017675a7b41e9b2455c404e79de4f9473fda12e1,30682360,1657721921,,0xb28ab1aade4c75f8cf013136fc0c290aeaea9ba6-0x9a905cfe33c030d1a774585ed2819e4f1a7f84af704f6dab252a9e4478cdb009,
0xcefb0769a4f81602522787883fff83973742a53f,30683445,1657724675,0x257fe2e49530a4b7fc3ed597465e2931db3f20b7-0xcefb0769a4f81602522787883fff83973742a53f,,
0x9d8c8fc03e5bcf935614ca3db6cb62bcd917d3fb,30697419,1657758500,0x257fe2e49530a4b7fc3ed597465e2931db3f20b7-0x9d8c8fc03e5bcf935614ca3db6cb62bcd917d3fb,,
0x17788f0d0a22055800b632f106df63922342ade5,30697891,1657759856,0x257fe2e49530a4b7fc3ed597465e2931db3f20b7-0x17788f0d0a22055800b632f106df63922342ade5,,
0xea554a96e7c0b37f7fb3f14bf8d356e504e0d6f8,30697891,1657759856,0x257fe2e49530a4b7fc3ed597465e2931db3f20b7-0xea554a96e7c0b37f7fb3f14bf8d356e504e0d6f8,,
0x10e1c573f4c26f43451bf4be2c620b71edd7e6c3,30698826,1657763067,0x257fe2e49530a4b7fc3ed597465e2931db3f20b7-0x10e1c573f4c26f43451bf4be2c620b71edd7e6c3,,
0x7d7a4a420fbb0a8431820912a875b034bc4be2f4,30699777,1657765669,,0xb28ab1aade4c75f8cf013136fc0c290aeaea9ba6-0x2d56cd5c21e5e84a2fad4da1d6fb1885364a4f3ce5263e6f804e7c1d0aebc119,
0x44d7e457125571171982427dc30b282e7925beba,30699903,1657766053,,0xb28ab1aade4c75f8cf013136fc0c290aeaea9ba6-0x30fbadd039548717f18238832b7bcce8b87c4e05f2d7a64e83e5084a48f1ef25,
0x5fcb297f7473c844feb21c4666232695c4e2c71d,30700096,1657766711,0x257fe2e49530a4b7fc3ed597465e2931db3f20b7-0x5fcb297f7473c844feb21c4666232695c4e2c71d,,
0x310b105758cd49f7c3a5f238c0f0ec258aa13743,30700229,1657766997,0x257fe2e49530a4b7fc3ed597465e2931db3f20b7-0x310b105758cd49f7c3a5f238c0f0ec258aa13743,,
0xbf2b90de24bd4c5eeffbda461fd142998ffbfe7c,30700423,1657767513,0x257fe2e49530a4b7fc3ed597465e2931db3f20b7-0xbf2b90de24bd4c5eeffbda461fd142998ffbfe7c,,
0xcd3a6ff26f3f3b531dd34e69990216660c82dcc8,30700573,1657767941,0x257fe2e49530a4b7fc3ed597465e2931db3f20b7-0xcd3a6ff26f3f3b531dd34e69990216660c82dcc8,,
0xa07e6a296ec6a4cb8d7e8e077748909558829746,30700659,1657768253,0x257fe2e49530a4b7fc3ed597465e2931db3f20b7-0xa07e6a296ec6a4cb8d7e8e077748909558829746,,
0xb816a17db14af43fc961c8480a5e159fafd614a1,30700673,1657768285,0x257fe2e49530a4b7fc3ed597465e2931db3f20b7-0xb816a17db14af43fc961c8480a5e159fafd614a1,,
0x396eb85c892bd2f9cca2bf06453dd893df915ec0,30700725,1657768391,0x257fe2e49530a4b7fc3ed597465e2931db3f20b7-0x396eb85c892bd2f9cca2bf06453dd893df915ec0,,
0x58004ff68cdf4f98811c8c34972a882ec85c09fd,30700776,1657768499,0x257fe2e49530a4b7fc3ed597465e2931db3f20b7-0x58004ff68cdf4f98811c8c34972a882ec85c09fd,,
0xc62abdd52ff187c18cf5d0e464684c39f862babc,30700781,1657768509,0x257fe2e49530a4b7fc3ed597465e2931db3f20b7-0xc62abdd52ff187c18cf5d0e464684c39f862babc,,
0x059fb3c0ebe874e0b2d37cc984f44f30a0a72b11,30700821,1657768593,0x257fe2e49530a4b7fc3ed597465e2931db3f20b7-0x059fb3c0ebe874e0b2d37cc984f44f30a0a72b11,,
0x8a193f9f2aceb642f0a7ea9f999e29ce28b0ef22,30700853,1657768657,0x257fe2e49530a4b7fc3ed597465e2931db3f20b7-0x8a193f9f2aceb642f0a7ea9f999e29ce28b0ef22,,
0x9969b09d137dad84f0a797f9433da0530a8a7eda,30700873,1657768721,0x257fe2e49530a4b7fc3ed597465e2931db3f20b7-0x9969b09d137dad84f0a797f9433da0530a8a7eda,,
0xf3269207e6e3f78ff7a47ae4cc4c74750942e579,30700890,1657768789,0x257fe2e49530a4b7fc3ed597465e2931db3f20b7-0xf3269207e6e3f78ff7a47ae4cc4c74750942e579,,
0x3852cd2e8d7fa02bf59310c7d39e4aa7f949b2ae,30701008,1657769363,0x257fe2e49530a4b7fc3ed597465e2931db3f20b7-0x3852cd2e8d7fa02bf59310c7d39e4aa7f949b2ae,,
0x8b501ab3a7d7c2f80282dea75e70bf4e337a939c,30701038,1657769423,0x257fe2e49530a4b7fc3ed597465e2931db3f20b7-0x8b501ab3a7d7c2f80282dea75e70bf4e337a939c,,
0x1f7a30c5f20905134661305628b0f10ba39c9f18,30701080,1657769511,,0xb28ab1aade4c75f8cf013136fc0c290aeaea9ba6-0x5b1e5a6e62bf0f21d7034d22358d64f706faac822867b2057742ca7c031e74d1,
0x48401e6d8d3b107fb7c7879b465046c82a87870c,30701089,1657769529,0x257fe2e49530a4b7fc3ed597465e2931db3f20b7-0x48401e6d8d3b107fb7c7879b465046c82a87870c,,
0x63cf3a5957850f481e5c7d4ce3f5c02c2a1fdae7,30701202,1657769891,0x257fe2e49530a4b7fc3ed597465e2931db3f20b7-0x63cf3a5957850f481e5c7d4ce3f5c02c2a1fdae7,,
0xcf592fd3055622562a6a80ed47b45a933f1502d7,30701332,1657770159,,0xb28ab1aade4c75f8cf013136fc0c290aeaea9ba6-0x8a7008d8799dc2452acc2d09b24df2d5c3eb47af899170f7042164c4d3d4f6f1,
0x2bd965e9514c919d9e68fcce9b6af7100f7404bb,30702082,1657772097,0x257fe2e49530a4b7fc3ed597465e2931db3f20b7-0x2bd965e9514c919d9e68fcce9b6af7100f7404bb,,
0x360c7afe5e4a1bb7d8ddb3cdcd3ed78143d4b205,30702371,1657772813,0x257fe2e49530a4b7fc3ed597465e2931db3f20b7-0x360c7afe5e4a1bb7d8ddb3cdcd3ed78143d4b205,,
0x0ba202d44c2a5fb5156380cf7d2188b9db4b26f9,30702376,1657772823,0x257fe2e49530a4b7fc3ed597465e2931db3f20b7-0x0ba202d44c2a5fb5156380cf7d2188b9db4b26f9,,
0x55a40cee9d459ffd1f5c2ff9fb117632ac4dd15b,30706603,1657783723,0x257fe2e49530a4b7fc3ed597465e2931db3f20b7-0x55a40cee9d459ffd1f5c2ff9fb117632ac4dd15b,,
0x9b21e3a980661dccff2ce715ad7dab30ff443399,30706648,1657783817,0x257fe2e49530a4b7fc3ed597465e2931db3f20b7-0x9b21e3a980661dccff2ce715ad7dab30ff443399,,
0x504993a9b18a2934496e95c216493205142955f1,30706711,1657783947,,0xb28ab1aade4c75f8cf013136fc0c290aeaea9ba6-0xc10d5572c2fbad15dbeeea29f05726d18adba2a562cb12aa8241b5952d926159,
0x1914143f8b9b534ed0acdd20b1258f90729bf467,30707016,1657784595,,0xb28ab1aade4c75f8cf013136fc0c290aeaea9ba6-0xfb8790a368563dd035f7dc08c59b4657d1697eb98bb461f2cebd598635bd5500,
0xf52a4be96ca534ed1644f31aa76e65d74ea0258f,30707023,1657784623,,0xb28ab1aade4c75f8cf013136fc0c290aeaea9ba6-0x187a6fa06e74fd116e9a37d2e45bd1df3d29560df5d7faf1ae614f081a761c5f,
0x93d2ed0a2f12a04d1040885601f2e637705cfa25,30707039,1657784687,0x257fe2e49530a4b7fc3ed597465e2931db3f20b7-0x93d2ed0a2f12a04d1040885601f2e637705cfa25,,
0xec711b4af7e46acef53cf8b3204bb83aac40164a,30707065,1657784791,,0xb28ab1aade4c75f8cf013136fc0c290aeaea9ba6-0xaf628b4dc29c2dcee077ed29078313b9a1265cc380a6295fda4628c71080004d,
0x115dcee64a2b9908d8699394e6fb2f57aacb6a8b,30707244,1657785301,0x257fe2e49530a4b7fc3ed597465e2931db3f20b7-0x115dcee64a2b9908d8699394e6fb2f57aacb6a8b,,
0xbd52826a9b577704519ab177eacafb643bc05d3a,30707277,1657785371,0x257fe2e49530a4b7fc3ed597465e2931db3f20b7-0xbd52826a9b577704519ab177eacafb643bc05d3a,,
0x8ac488eeffee45a2d03a665a5391e0975cbe638a,30707572,1657786233,0x257fe2e49530a4b7fc3ed597465e2931db3f20b7-0x8ac488eeffee45a2d03a665a5391e0975cbe638a,,
0x8141898c6a3daafefc974831346cb05fc275d757,30707735,1657786699,0x257fe2e49530a4b7fc3ed597465e2931db3f20b7-0x8141898c6a3daafefc974831346cb05fc275d757,,
0xa2c3380c77834acb8ad9d54eed46447a18f1b08a,30708076,1657787529,0x257fe2e49530a4b7fc3ed597465e2931db3f20b7-0xa2c3380c77834acb8ad9d54eed46447a18f1b08a,,
0x0b268206f8e011bc1546117618f9e17e6837bfbd,30708343,1657788578,0x257fe2e49530a4b7fc3ed597465e2931db3f20b7-0x0b268206f8e011bc1546117618f9e17e6837bfbd,,
0x3150c9a9211c9c948a8aca66fecc9b47542cdf9d,30708381,1657788658,0x257fe2e49530a4b7fc3ed597465e2931db3f20b7-0x3150c9a9211c9c948a8aca66fecc9b47542cdf9d,,
0xd7b3b05ba48d692b282b7823ac6eb5fb42a868be,30708455,1657788810,,0xb28ab1aade4c75f8cf013136fc0c290aeaea9ba6-0x7a77d18f66a9f9727b8553fa87067cac29c79304bf5884be5a4c16f2694b1885,
0x1e1e5435b1b0cfb6092a6060be470ff4782ec89b,30708469,1657788838,0x257fe2e49530a4b7fc3ed597465e2931db3f20b7-0x1e1e5435b1b0cfb6092a6060be470ff4782ec89b,,
0xf83f8224bf207c3c3ef9e8c4d3ba6639c0d411d8,30708615,1657789270,,0xb28ab1aade4c75f8cf013136fc0c290aeaea9ba6-0xbea74d963c512831f5ceea71068e0b3546f818f70f9bc548b54325080694f05a,
0x8871d1174b6b49db681846142b65461a95fe80a3,30708670,1657789380,0x257fe2e49530a4b7fc3ed597465e2931db3f20b7-0x8871d1174b6b49db681846142b65461a95fe80a3,,
0x3e08d5a933f4fc9aa72403e8b58d655182a073c2,30709073,1657790472,0x257fe2e49530a4b7fc3ed597465e2931db3f20b7-0x3e08d5a933f4fc9aa72403e8b58d655182a073c2,,
0x77e7f48938669dc167d5797f2eb2683bc02d29c6,30709195,1657790852,,0xb28ab1aade4c75f8cf013136fc0c290aeaea9ba6-0xb3a5f0c1e4d5b8d564ba46a8f7e07cd1f49da393dd23d6e6db994e72bb77dc8a,
0x9a280f4d7d43557c226eefa4243d200fe7dae43f,30709341,1657791152,0x257fe2e49530a4b7fc3ed597465e2931db3f20b7-0x9a280f4d7d43557c226eefa4243d200fe7dae43f,,
0x3cd44e5c245e6b4d85d320633f6a8bfecd4a8051,30709474,1657791426,0x257fe2e49530a4b7fc3ed597465e2931db3f20b7-0x3cd44e5c245e6b4d85d320633f6a8bfecd4a8051,,
0x473b800e8a1e0400ff7c6f05b4213159b934f125,30710015,1657793052,0x257fe2e49530a4b7fc3ed597465e2931db3f20b7-0x473b800e8a1e0400ff7c6f05b4213159b934f125,,
0xbc68d04c77874468b1ca7d57ed61e7f4486c87a4,30714597,1657804168,,0xb28ab1aade4c75f8cf013136fc0c290aeaea9ba6-0x86ee2e9a7b1f1a8a33b6cd508e61b11022ed5ea2d23d51ea415c25051d0580a6,
0xc8578a9bc78b66f76e11b072ced911d7354c278e,30731973,1657843157,0x257fe2e49530a4b7fc3ed597465e2931db3f20b7-0xc8578a9bc78b66f76e11b072ced911d7354c278e,,
0xb9eb4aeb94e57955cf7e9d4dec1a374d9fbd98ac,30733463,1657846485,0x257fe2e49530a4b7fc3ed597465e2931db3f20b7-0xb9eb4aeb94e57955cf7e9d4dec1a374d9fbd98ac,,
0xe2a26fc84d2409ebbeec05fc5a9c529f80cacbe2,30733538,1657846639,0x257fe2e49530a4b7fc3ed597465e2931db3f20b7-0xe2a26fc84d2409ebbeec05fc5a9c529f80cacbe2,,
0x9c668fe87596f9c2d6e7d510eed23cd9eda47a0d,30733634,1657846839,0x257fe2e49530a4b7fc3ed597465e2931db3f20b7-0x9c668fe87596f9c2d6e7d510eed23cd9eda47a0d,,
0xc3879a0701fc397e1267e8a42494a467d6514f0d,30735034,1657849851,0x257fe2e49530a4b7fc3ed597465e2931db3f20b7-0xc3879a0701fc397e1267e8a42494a467d6514f0d,,
0xb10f8c9a160820f4756b10b45eea41fd82e17f4b,30744105,1657870115,0x257fe2e49530a4b7fc3ed597465e2931db3f20b7-0xb10f8c9a160820f4756b10b45eea41fd82e17f4b,,
0x7dffc62961c5a33472fbeefabd00425424548eba,30744441,1657870807,0x257fe2e49530a4b7fc3ed597465e2931db3f20b7-0x7dffc62961c5a33472fbeefabd00425424548eba,,
0x63b309a3b5d7f78c5ba58428a24fead359c1fdc4,30744752,1657871705,0x257fe2e49530a4b7fc3ed597465e2931db3f20b7-0x63b309a3b5d7f78c5ba58428a24fead359c1fdc4,,
0xccbdb327c023d4a529feac2cc2406d1571aedb9a,30744909,1657872031,0x257fe2e49530a4b7fc3ed597465e2931db3f20b7-0xccbdb327c023d4a529feac2cc2406d1571aedb9a,,
0x57e89707b9873389c7d26945984408acc2b73331,30745141,1657872507,0x257fe2e49530a4b7fc3ed597465e2931db3f20b7-0x57e89707b9873389c7d26945984408acc2b73331,,
0xf062dff8cdc9c62c1d787d04c1b458aee145072c,30745478,1657873333,0x257fe2e49530a4b7fc3ed597465e2931db3f20b7-0xf062dff8cdc9c62c1d787d04c1b458aee145072c,,
0xff898b43827a9fc5401a2f10b55b369b17756316,30745758,1657873918,0x257fe2e49530a4b7fc3ed597465e2931db3f20b7-0xff898b43827a9fc5401a2f10b55b369b17756316,,
0x7ef5357d31c0ec82ffa643535e5be4d63b1795eb,30745893,1657874324,,0xb28ab1aade4c75f8cf013136fc0c290aeaea9ba6-0x32b88195d33efb0daa15be1ff403875cf064dbb69e3ac3056f90c4c424178dd9,
0xc63a283c15ef4ae5fe6fbfa21be4b81574dd3d6e,30745913,1657874364,0x257fe2e49530a4b7fc3ed597465e2931db3f20b7-0xc63a283c15ef4ae5fe6fbfa21be4b81574dd3d6e,,
0xd3e09629a984e5f750ac71fc5f6ecc7f1a36ba75,30746850,1657876431,0x257fe2e49530a4b7fc3ed597465e2931db3f20b7-0xd3e09629a984e5f750ac71fc5f6ecc7f1a36ba75,,
0x34d110f5d07b60daa1dba5a619381452f2fbf85d,30747155,1657877061,,0xb28ab1aade4c75f8cf013136fc0c290aeaea9ba6-0x5c31b7349a963b135b039d1b9a93d684d81c311eabb1d65e3069913a50de3c63,
0x2e81ca0187a5ffd5e57dba521e5afc2e7fcb8dca,30781157,1657960762,,0xb28ab1aade4c75f8cf013136fc0c290aeaea9ba6-0x9fe0a18e7868015a9bfdb33c3006c919202abf889db582ab85107e318bcd05bf,
0x829414e2866609ce8054df7d31bbb3084657c103,30781418,1657961428,,0xb28ab1aade4c75f8cf013136fc0c290aeaea9ba6-0x46d396c2f98e24df9166416192c280379480693dd1ae6980872e858d9183d241,
0xfe138c6c9579d88ba44b5e9990fd0bdcb1e5fcea,30781670,1657961948,,0xb28ab1aade4c75f8cf013136fc0c290aeaea9ba6-0xa1ca63edc31600d3ca7115b4375cdfa26af894a8a094da40371298f028a99e23,
0x9ce71f211e28fa0455410c7f9fd84dc90459a7a2,30820202,1658054977,0x257fe2e49530a4b7fc3ed597465e2931db3f20b7-0x9ce71f211e28fa0455410c7f9fd84dc90459a7a2,,
0xef95ffb2c05422091c109697e3125140c5d1f7c4,30820634,1658055870,0x257fe2e49530a4b7fc3ed597465e2931db3f20b7-0xef95ffb2c05422091c109697e3125140c5d1f7c4,,
0x1b43c4d73f2605be71b186445818edbdbdd9e3bb,30820966,1658056683,0x257fe2e49530a4b7fc3ed597465e2931db3f20b7-0x1b43c4d73f2605be71b186445818edbdbdd9e3bb,,
0x3847f3886099dc66446ebdefac7c655c1a89cc54,30820975,1658056701,0x257fe2e49530a4b7fc3ed597465e2931db3f20b7-0x3847f3886099dc66446ebdefac7c655c1a89cc54,,
0xa4c1fd5a30e5d47a282715181d0b36b7997f72b5,30821353,1658057694,0x257fe2e49530a4b7fc3ed597465e2931db3f20b7-0xa4c1fd5a30e5d47a282715181d0b36b7997f72b5,,
0x0149f7f5eab922a77c871392435ba6c654d1e174,30823017,1658061556,0x257fe2e49530a4b7fc3ed597465e2931db3f20b7-0x0149f7f5eab922a77c871392435ba6c654d1e174,,
0xe654c9a3ced4556bc51544ee8f783f9decbb644f,30823386,1658062446,0x257fe2e49530a4b7fc3ed597465e2931db3f20b7-0xe654c9a3ced4556bc51544ee8f783f9decbb644f,,
0xa2ab1e4f8741fa332d6493b3a4d5007755e05857,30823459,1658062596,0x257fe2e49530a4b7fc3ed597465e2931db3f20b7-0xa2ab1e4f8741fa332d6493b3a4d5007755e05857,,
0x4bc3152b39b130385f4a16660e61750d3c7b7bad,30823779,1658063256,0x257fe2e49530a4b7fc3ed597465e2931db3f20b7-0x4bc3152b39b130385f4a16660e61750d3c7b7bad,,
0xc79b83591a04f7af73f1925d99ee1947ce1dbd83,30823845,1658063468,0x257fe2e49530a4b7fc3ed597465e2931db3f20b7-0xc79b83591a04f7af73f1925d99ee1947ce1dbd83,,
0xe2b0ff1c9cfc5813945aecdb210824890df00211,30830960,1658079579,,0xb28ab1aade4c75f8cf013136fc0c290aeaea9ba6-0x04e4ebaa43d1f8a04ab6c63caaa5e5c6bec18fa892f65a61e0221f9af1be1964,
0xd9858a302a3463b81e4c0d7d198ef4e2bd062e97,30831017,1658079727,,0xb28ab1aade4c75f8cf013136fc0c290aeaea9ba6-0x8d3b5aeeb31ea1c3d2035b3c4c41d842b3eec59a708639a8a440c3248d02dc06,
0x57ad1da5a7aa15d88b409e9500000fe159e4b570,30831082,1658079861,,0xb28ab1aade4c75f8cf013136fc0c290aeaea9ba6-0x69a6701ad322e48151940511b8fd0bb781d4dfe374367dad2cb7595f4f15aa57,
0x32c418d9be2c5a2e605fdb5e51066badf868afec,30831293,1658080295,,0xb28ab1aade4c75f8cf013136fc0c290aeaea9ba6-0x0f1f44d0f5b1698903b77f1202acd81a1f5652c14111e95b848033fc2d620021,
0xd511a62aab8cd1b4c88cb5d113bd3d17baaa311b,30831350,1658080413,,0xb28ab1aade4c75f8cf013136fc0c290aeaea9ba6-0xb1b23fff90f183a6d2a29b34fc5f5fd0833e511be816363add6f5de70c53217e,
0x06516085a4b3ca5dd70645ec0b08c70cc10a6680,30842914,1658107094,,0xb28ab1aade4c75f8cf013136fc0c290aeaea9ba6-0x3bc133e796de330b27a4b9925e7ef6f6882580772cf2053305f701ecdbba6296,
0x5bd9cb5eafd6b078fb0276684372ed6ee283f49a,30843025,1658107324,,0xb28ab1aade4c75f8cf013136fc0c290aeaea9ba6-0x868ccffc9b51ccca8bc68f4f166868ee2727303b3264d16a446dd08f20e0c037,
0x09b78448f18547a972f8399fd4eb37076f7e0582,30843055,1658107384,0x257fe2e49530a4b7fc3ed597465e2931db3f20b7-0x09b78448f18547a972f8399fd4eb37076f7e0582,,
0x7e78ea9ad5d1780647150d89e615e343579525e9,30843419,1658108264,,0xb28ab1aade4c75f8cf013136fc0c290aeaea9ba6-0xf8b887e1c35caef229aaaaef23d686d7fc79ea4edc2b0752cdbb5346e8a8c607,
0x3006599404861cde05804d4a16718405b0fa7a8d,30843997,1658109584,,0xb28ab1aade4c75f8cf013136fc0c290aeaea9ba6-0x663e18b53e49289fae9262273a37e49c1efeb1c5af58a01b3989959299fa41db,
0xca44ac6aa0ca3567b52cd860c469e89facbf0b93,30844672,1658111364,,0xb28ab1aade4c75f8cf013136fc0c290aeaea9ba6-0x3aadc55a316ef30ee18e4ffd5ed6fe66d7bd64c4d025b27b3d39d418b17b82dc,
0x5467830d5652b6b7fe3142f9551452aca5076345,30845521,1658113496,,0xb28ab1aade4c75f8cf013136fc0c290aeaea9ba6-0xc6eedfe7e32807f1929f6f24790a40d25506876205d35f0047bf562d9154a856,
0xeb20c37960ad72a4a2a4fe6ec5a1a7aa70c21ea1,30846212,1658114935,,0xb28ab1aade4c75f8cf013136fc0c290aeaea9ba6-0x78b83ba98937ff0790a98197602d07cb4e0c88a2a094af019d0f531eea7c1577,
0xba0a9ea2017cca5a8000d4eba0031b2477a09503,30846923,1658116647,,0xb28ab1aade4c75f8cf013136fc0c290aeaea9ba6-0x8a805864426a8d4c1cf9288641273b328bfd0952e92094917c4f214f0e596e17,
0xc423f3b29b4a4bdfffb821ac56d00f15e77126f6,30852026,1658128322,,0xb28ab1aade4c75f8cf013136fc0c290aeaea9ba6-0x92dbbefdb6e60e6b1549fb3076077d35db50bd5acd8b6c6b68bd1392dd34eaad,
0xff3f6c0a2bb9802cd156844baf2336e81fd4fb14,30852812,1658130202,,0xb28ab1aade4c75f8cf013136fc0c290aeaea9ba6-0x699984986681a981a2d9c7b85815639d60393d20f6426fbec3d772d53a4e6807,
0x16cd85cba93d01d0077148d65cf8511144b44ebf,30852949,1658130484,,0xb28ab1aade4c75f8cf013136fc0c290aeaea9ba6-0xffb9209f46cf605c588ac50b4489bfb048885f25819dc5c3d4506fccf438e22a,
0x6ee2d3a7ab8e1a4aa2403fb57582ff7bd8ba3a37,30853157,1658130912,,0xb28ab1aade4c75f8cf013136fc0c290aeaea9ba6-0x49039116bc997bc4dfc61fc3503dfcaca29764649cea58045e7fdf8567849f67,
0xe619956ffc68f1bad9feb271b462cc95a9a495a2,30853792,1658132350,,0xb28ab1aade4c75f8cf013136fc0c290aeaea9ba6-0x5f0004634f7d80a8459f6d3d6bf0fae9e6ee35051be9a058130f60a0b41c37f9,
0x7f77918bd73d3a914a21b9c35ac8e7905f4e459a,30854186,1658133293,,0xb28ab1aade4c75f8cf013136fc0c290aeaea9ba6-0xf752f95c7d29a441bbb7388c9fabb18ca6dfb959dd4fa9c3b3369300b84fdd72,
0xf7b1e2210dd371e9a5147ac1ce10965ac1143936,30891115,1658219137,0x257fe2e49530a4b7fc3ed597465e2931db3f20b7-0xf7b1e2210dd371e9a5147ac1ce10965ac1143936,,
0x41c91d7012618232368304d9554656044addac88,30891211,1658219337,0x257fe2e49530a4b7fc3ed597465e2931db3f20b7-0x41c91d7012618232368304d9554656044addac88,,
0xa3b0834dff55d95c09a4d8e5deb6cb670672fece,30960060,1658371589,0x257fe2e49530a4b7fc3ed597465e2931db3f20b7-0xa3b0834dff55d95c09a4d8e5deb6cb670672fece,,
0x9422b1f7c43eda70baf8b5eab87e6920ddb79946,30961429,1658374806,0x257fe2e49530a4b7fc3ed597465e2931db3f20b7-0x9422b1f7c43eda70baf8b5eab87e6920ddb79946,,
0x3364ca442553417ded4c0fb2bc3bd2875bd18c6d,30963675,1658380018,0x257fe2e49530a4b7fc3ed597465e2931db3f20b7-0x3364ca442553417ded4c0fb2bc3bd2875bd18c6d,,
0x8a4fbed50e9a3e6b46bf935ead46fe435ac84a9e,30963908,1658380572,0x257fe2e49530a4b7fc3ed597465e2931db3f20b7-0x8a4fbed50e9a3e6b46bf935ead46fe435ac84a9e,,
0xfb85ea6012d515181ad82ce7b077c343231cb0dd,30964188,1658381276,0x257fe2e49530a4b7fc3ed597465e2931db3f20b7-0xfb85ea6012d515181ad82ce7b077c343231cb0dd,,
0x5a1db0949f79e75790ff304ce48913978416d288,30964405,1658381722,0x257fe2e49530a4b7fc3ed597465e2931db3f20b7-0x5a1db0949f79e75790ff304ce48913978416d288,,
0x6d8d5b90b0cfba692cb40fa2b4c100c380f647e9,30964732,1658382396,0x257fe2e49530a4b7fc3ed597465e2931db3f20b7-0x6d8d5b90b0cfba692cb40fa2b4c100c380f647e9,,
0xd1ba00d27e4f91494dddcafdf8cf7ad60c8c25c3,30964859,1658382658,0x257fe2e49530a4b7fc3ed597465e2931db3f20b7-0xd1ba00d27e4f91494dddcafdf8cf7ad60c8c25c3,,
0xbdb40c6d3938552ac03c2bdf28980fb33f89e45b,30965158,1658383532,0x257fe2e49530a4b7fc3ed597465e2931db3f20b7-0xbdb40c6d3938552ac03c2bdf28980fb33f89e45b,,
0x5e144e7c353203a3e7f7054e6dd5abd61a1a1b19,30965228,1658383766,0x257fe2e49530a4b7fc3ed597465e2931db3f20b7-0x5e144e7c353203a3e7f7054e6dd5abd61a1a1b19,,
0x2e0deecb0a56ce44adcca7c5b4244d0d7b8fc51b,30965336,1658384028,0x257fe2e49530a4b7fc3ed597465e2931db3f20b7-0x2e0deecb0a56ce44adcca7c5b4244d0d7b8fc51b,,
0x4fdcd7014bdeb0e777202a4c88e6cb90e24f9550,30971505,1658398534,0x257fe2e49530a4b7fc3ed597465e2931db3f20b7-0x4fdcd7014bdeb0e777202a4c88e6cb90e24f9550,,
0x8599488d558652d987ec547cd9090ee3b891c962,30971505,1658398534,0x257fe2e49530a4b7fc3ed597465e2931db3f20b7-0x8599488d558652d987ec547cd9090ee3b891c962,,
0x1545c62e3b8e11f09c172a469d723a882e880d6c,31116056,1658737601,0x257fe2e49530a4b7fc3ed597465e2931db3f20b7-0x1545c62e3b8e11f09c172a469d723a882e880d6c,,
0x7cc205f0bfc6276c30cf45462cc8782d2552bc00,31116267,1658738163,0x257fe2e49530a4b7fc3ed597465e2931db3f20b7-0x7cc205f0bfc6276c30cf45462cc8782d2552bc00,,
0x2bc863672bf8ee19047ae212afb443a39741ac9b,31117225,1658740268,,0xb28ab1aade4c75f8cf013136fc0c290aeaea9ba6-0xf143c28d5aa8f7106f06d23e426b64ff03af82e36dce680b733eeebc8297bebb,
0xba764aa5aff3e34e69c2baf22bb6d53568df8e7c,31165654,1658858231,,0xb28ab1aade4c75f8cf013136fc0c290aeaea9ba6-0xf5910c40494362d00dfc7ab6faccded4e9de4e1a52fd24d0813c8515edc4e892,
0x539f396cca3903b9ac0bcc461054755f11ed148a,31165687,1658858363,,0xb28ab1aade4c75f8cf013136fc0c290aeaea9ba6-0xd9fad932a5b17becc9deb044f231f42446f6c68003b29c9b7075166fef8bd5b7,
0x01cc3c186410c5ffea7ad6ec6ec33c02f05a299a,31168685,1658865209,,0xb28ab1aade4c75f8cf013136fc0c290aeaea9ba6-0xbbb88be155bdc1009d4408b4031eaf14357e2a2b4fd145bdd1fb159cd019dc49,
0xa184dbb35d8fb38ad2405487178fa6921ec28100,31268448,1659081814,0x257fe2e49530a4b7fc3ed597465e2931db3f20b7-0xa184dbb35d8fb38ad2405487178fa6921ec28100,,
0x12e5e590a7ab12f1d2e0f45cff2956840c72cf43,31275807,1659097781,,0xb28ab1aade4c75f8cf013136fc0c290aeaea9ba6-0xe41731433bcaf30bb16382f7d724835fd86f8f080d096723fb6d3293ef208f63,
0x6f62705ea44d1770a96af3e51c9d86eee31733cc,31275865,1659097901,,0xb28ab1aade4c75f8cf013136fc0c290aeaea9ba6-0x8f5305328fc13dcef6959f71c499e856f62b257ee562536937a3d5d9bbfffd7d,
0xa73c84b4036ba8e9a026bc439341a8743383fe66,31275935,1659098045,,0xb28ab1aade4c75f8cf013136fc0c290aeaea9ba6-0x30152dbb10321a409eab0cb6a978b1f25ee187eec8f6b10f41383f3cd1395821,
0x2518e2579f85fdc0c11618ae847d6d59e4ccac66,31275961,1659098097,,0xb28ab1aade4c75f8cf013136fc0c290aeaea9ba6-0x74ac23950d6a407d6a3c3199d54419252042a498f89dd70ee87800bc388d99e9,
