datatokenBalance,datatokenSupply,id,price,publishMarketSwapFee,totalSwapValue,datatoken.address,datatoken.holderCount,datatoken.name,datatoken.nft.creator,datatoken.nft.name,datatoken.nft.owner,datatoken.nft.symbol,datatoken.nft.transferable,datatoken.orderCount,block,timestamp
0,1000,0xb28ab1aade4c75f8cf013136fc0c290aeaea9ba6-0x473e374a2c8a2501a4fc6c54d84a3de586c031321522e309d36c90595a47fcd4,2,0.098,0,0x16ac8a7bedaeb0f55750f1e8cb9af906aeb547a4,0,Caustic Ray Token,0x6d3968da311d0c2ffdb13623151415efd262f175,Acentrik Asset Management,0x6d3968da311d0c2ffdb13623151415efd262f175,AAMT-AF5ADF65,True,0,31294249,1659229392
0,1000,0xb28ab1aade4c75f8cf013136fc0c290aeaea9ba6-0xe2bdac397f409622f1262d4aea611c6e672578bf36d3be7fe2e6cbb330de2bd6,1,0.098,0,0x8b57ed8dcb403125912d4e8a4c15a6d50a517df2,0,Puckish Clam Token,0x9bf750b5465a51689fa4235aac1f37ec692ef7b4,Acentrik Asset Management,0x9bf750b5465a51689fa4235aac1f37ec692ef7b4,AAMT-8CE506D9,True,0,31294249,1659229392
0,1000,0xb28ab1aade4c75f8cf013136fc0c290aeaea9ba6-0x53236385bf514df81118d5edd79f7282c94ce882dbb1ebc77e153fe8c1d96428,1,0.098,0,0xa066493a94676c2fe7473d63511586a98f46edb2,0,Petulant Shell Token,0x9bf750b5465a51689fa4235aac1f37ec692ef7b4,Acentrik Asset Management,0x9bf750b5465a51689fa4235aac1f37ec692ef7b4,AAMT-F5447163,True,2,31294249,1659229392
0,1000,0xb28ab1aade4c75f8cf013136fc0c290aeaea9ba6-0xe3a49ba5cd68b230b5346290e6bff380918d2cbdf172979bb1db484f683d2207,1,0.098,0,0x2b0bb3a39c91be5812c9a7c42d5a935c8f23a9b6,0,Charming Swordfish Token,0x9bf750b5465a51689fa4235aac1f37ec692ef7b4,Acentrik Asset Management,0x9bf750b5465a51689fa4235aac1f37ec692ef7b4,AAMT-9F68FA07,True,1,31294249,1659229392
0,1000,0xb28ab1aade4c75f8cf013136fc0c290aeaea9ba6-0x741a0719b501d7808ab2f3c6134e600f062321929568ef6ba925ad24ee1030f2,1,0.098,0,0xf3cc4cf499f2fe23a3c2fdae81bf206cfa7e2cc7,0,Voluble Porpoise Token,0x6d3968da311d0c2ffdb13623151415efd262f175,Acentrik Asset Management,0x6d3968da311d0c2ffdb13623151415efd262f175,AAMT-1F4C35EA,True,1,31294249,1659229392
0,115792089237316195423570985008687900000000000000000000000000,0xb28ab1aade4c75f8cf013136fc0c290aeaea9ba6-0xe4c245a3cba68862ad09573bda981650a66ad9ded9df42b3c3291facc0126aa1,5,0,0,0x80bcd42b3ca964c6e7933529436ff2f2300d0797,0,Pendulous Orca Token,0xde32cf2f4b32ccde6429a2ebddcd768755cf9bef,Ocean Data NFT,0xde32cf2f4b32ccde6429a2ebddcd768755cf9bef,OCEAN-NFT,True,1,31294249,1659229392
0,115792089237316195423570985008687900000000000000000000000000,0xb28ab1aade4c75f8cf013136fc0c290aeaea9ba6-0x737cc4f10d1c2d3707d16780a444f9cebe7c8a9b076eb2a943ba0f60c7add6cf,1,0,0,0xbf0fba0c98e9f79b2859f756794fe9c169aad728,0,Smart Cod Token,0x197497afbc675730b9a912a29b4bf1d528f71f38,Ocean Data NFT,0x197497afbc675730b9a912a29b4bf1d528f71f38,OCEAN-NFT,True,0,31294249,1659229392
0,115792089237316195423570985008687900000000000000000000000000,0xb28ab1aade4c75f8cf013136fc0c290aeaea9ba6-0xc537f7c7427edb473d06550995fca6c04ee18b4d97878e70ae9b8200e1c55a3c,1,0,0,0x514f667932daacac6e1f82e8a5b196e8d5c8ef29,0,Smart Cod Token,0x197497afbc675730b9a912a29b4bf1d528f71f38,Ocean Data NFT,0x197497afbc675730b9a912a29b4bf1d528f71f38,OCEAN-NFT,True,1,31294249,1659229392
0,1000,0xb28ab1aade4c75f8cf013136fc0c290aeaea9ba6-0x38ee7e3d370882e30930eca702e4369514abee63c029e43a2add9791c6674490,2,0,0,0x3f8b072ed7bac74056b58cb36182e68fd82ae57b,0,Didactic Starfish Token,0x1aef750253b4954b42c980d99856d32474b2c3db,Acentrik Asset Management,0x1aef750253b4954b42c980d99856d32474b2c3db,AAMT-271DE038,True,0,31294249,1659229392
0,115792089237316195423570985008687900000000000000000000000000,0xb28ab1aade4c75f8cf013136fc0c290aeaea9ba6-0x9e76d252ebacfe70df5143a32e88e554dabb515e31fe5e8ae8837aba283f9d32,10,0,0,0xc620ae05167760d528c420cd54a7e599c1639eb8,0,Heuristic Shark Token,0x2352c249e68a933f3bcdff399a925269984f98c2,Ocean Data NFT,0x2352c249e68a933f3bcdff399a925269984f98c2,OCEAN-NFT,True,0,31294249,1659229392
0,115792089237316195423570985008687900000000000000000000000000,0xb28ab1aade4c75f8cf013136fc0c290aeaea9ba6-0xa70c746131db9cf2826d7d16e4b3c9b6a1a156e195bf999a5a6a325c8c9b9f48,10,0,0,0xf97a436872017c95f6fa20c07b2a19fa854eea18,0,Amused Coral Token,0x002570980aa53893c6981765698b6ebab8ae7ea1,Ocean Data NFT,0x002570980aa53893c6981765698b6ebab8ae7ea1,OCEAN-NFT,True,0,31294249,1659229392
0,115792089237316195423570985008687900000000000000000000000000,0xb28ab1aade4c75f8cf013136fc0c290aeaea9ba6-0xa369ac724b1d1248694f62fe6c462abbdca10328bbbd8f32d5a0fad779490ef2,10,0,0,0xeaa11fad83d27b777b67c4ad446d36c60fcaac7d,0,Amused Coral Token,0x002570980aa53893c6981765698b6ebab8ae7ea1,Ocean Data NFT,0x002570980aa53893c6981765698b6ebab8ae7ea1,OCEAN-NFT,True,0,31294249,1659229392
0,115792089237316195423570985008687900000000000000000000000000,0xb28ab1aade4c75f8cf013136fc0c290aeaea9ba6-0xb229150c6e69bf5b3fbdbdd2c6a824008f2700c2197c80f3a16e2124354960d7,1,0.098,0,0x065a2871ed8d58743291852457cef3dd1a26f4e1,0,Rebarbative Seagull Token,0xe11d05619d4e07f2549e6deaac8c29371dd0c1fa,Acentrik Asset Management,0xe11d05619d4e07f2549e6deaac8c29371dd0c1fa,AAMT-21E00819,True,2,31294249,1659229392
0,100000,0xb28ab1aade4c75f8cf013136fc0c290aeaea9ba6-0x23fcccb378a75f10acd1b6e66e6dcb0492c47b138f5156039e662661b201250e,1,0,0,0xc7abac910c4f8242f4b4d2e963c12f169005c51e,0,Pernicious Penguin Token,0xe11d05619d4e07f2549e6deaac8c29371dd0c1fa,Acentrik Asset Management,0xe11d05619d4e07f2549e6deaac8c29371dd0c1fa,AAMT-DA2E6CBB,True,0,31294249,1659229392
0,115792089237316195423570985008687900000000000000000000000000,0xb28ab1aade4c75f8cf013136fc0c290aeaea9ba6-0xc02546a82e1ae2e9d64abe84cd36a0826d88628e7da54b289b2ff1e5c20f3569,1,0.098,0,0xb4f9cb659d4f49248af888e95016828b4430de85,0,Ambitious Seagull Token,0x63cc540e721ebb247b8c639a60af7b75da7c7811,Acentrik Asset Management,0x63cc540e721ebb247b8c639a60af7b75da7c7811,AAMT-896AFF4E,True,0,31294249,1659229392
0,115792089237316195423570985008687900000000000000000000000000,0xb28ab1aade4c75f8cf013136fc0c290aeaea9ba6-0xc1f8173c86b9513d8eb40cf7f2a21a5c161c61a3a77365c992b0689fc738be3f,1,0.098,0,0x6c2992551e1b122805bc640e7d332ab0bffa7726,0,Pendulous Manatee Token,0x2f1204605e4f23222e2d6ee3a2c78726f14a6486,Acentrik Asset Management,0x2f1204605e4f23222e2d6ee3a2c78726f14a6486,AAMT-D01A862B,True,0,31294249,1659229392
0,115792089237316195423570985008687900000000000000000000000000,0xb28ab1aade4c75f8cf013136fc0c290aeaea9ba6-0xeb92f3fd7831e3582b64a388da62332d96147fd529081c6ca3f8f75af564077c,1,0.098,0,0x42c73f3c5ee51af37bdd90c6e147d205f6c6225f,0,Effulgent Shark Token,0x6d3968da311d0c2ffdb13623151415efd262f175,Acentrik Asset Management,0x6d3968da311d0c2ffdb13623151415efd262f175,AAMT-76633CEC,True,2,31294249,1659229392
0,115792089237316195423570985008687900000000000000000000000000,0xb28ab1aade4c75f8cf013136fc0c290aeaea9ba6-0xa4f32aefe29da6f466e75ad364d689e5584b8876028be6092cc983776f0e9160,1,0.098,0,0x235beac55ce6ebee3b8e2d87895693b4ebcfc281,0,Querulous Oyster Token,0x6d3968da311d0c2ffdb13623151415efd262f175,Acentrik Asset Management,0x6d3968da311d0c2ffdb13623151415efd262f175,AAMT-9AFB88E6,True,0,31294249,1659229392
0,115792089237316195423570985008687900000000000000000000000000,0xb28ab1aade4c75f8cf013136fc0c290aeaea9ba6-0x56be4c6b14d736571d7c669300b050664a1cc276476d595da5ae0838443a1d82,1,0.098,0,0xb297880b252ba07428b68276e428465bf0a3a031,0,Powerful Coral Token,0x6d3968da311d0c2ffdb13623151415efd262f175,Acentrik Asset Management,0x6d3968da311d0c2ffdb13623151415efd262f175,AAMT-208C9D10,True,1,31294249,1659229392
0,100000,0xb28ab1aade4c75f8cf013136fc0c290aeaea9ba6-0xefcce90c356432c54d63f3b10bfb1bb45a55a152980d7e4f5437abf81a452dee,1,0,0,0xc1a4d48ab7e5a21a03785a0d939ae5b085362f9d,0,Intransigent Oyster Token,0xa06711a568496e373b3c419020d8d8104efcd610,Acentrik Asset Management,0xa06711a568496e373b3c419020d8d8104efcd610,AAMT-DA2E6CBB,True,0,31294249,1659229392
0,100000,0xb28ab1aade4c75f8cf013136fc0c290aeaea9ba6-0x2500f9b51371994149651174fc78d3c40177acbc57d86c7e1f7036445f705ddb,1,0,0,0xf343209561d62a44df76b109c7d8a87b616540a7,0,Dilatory Seal Token,0xa06711a568496e373b3c419020d8d8104efcd610,Acentrik Asset Management,0xa06711a568496e373b3c419020d8d8104efcd610,AAMT-DA2E6CBB,True,0,31294249,1659229392
0,100000,0xb28ab1aade4c75f8cf013136fc0c290aeaea9ba6-0x439ebbbd2051ad74f1057d5a10b5830c8948a1075dea5128471c83bec06db797,1,0,0,0x66248aaf32269fcc76acb4d2608b81efb12efb8a,0,Dilatory Seal Token,0xa06711a568496e373b3c419020d8d8104efcd610,Acentrik Asset Management,0xa06711a568496e373b3c419020d8d8104efcd610,AAMT-DA2E6CBB,True,0,31294249,1659229392
0,100000,0xb28ab1aade4c75f8cf013136fc0c290aeaea9ba6-0xb4ad348756b47b19b5ec5dbbadbfebe3f17dbee4297f1226641b5c5016908bb4,1,0,0,0x79443b5b451981e723453deb5b542d9cd2ce380e,0,Passionate Nautilus Token,0xa06711a568496e373b3c419020d8d8104efcd610,Acentrik Asset Management,0xa06711a568496e373b3c419020d8d8104efcd610,AAMT-DA2E6CBB,True,0,31294249,1659229392
0,115792089237316195423570985008687900000000000000000000000000,0xb28ab1aade4c75f8cf013136fc0c290aeaea9ba6-0x7aaba0765d33d97d01e9b1a9608643c885e7ed26064354e70bbe48056413c588,50,0,0,0x7639938b2fd6e2f456e4a15ea7ffe202a88f7caa,0,Dowdy Narwhal Token,0xda179069e1800c1420a3c82ca92dd04c5a0d017c,Ocean Data NFT,0xda179069e1800c1420a3c82ca92dd04c5a0d017c,OCEAN-NFT,True,0,31294249,1659229392
0,115792089237316195423570985008687900000000000000000000000000,0xb28ab1aade4c75f8cf013136fc0c290aeaea9ba6-0x618f28682dcb1f222fcff8d69ade22f675c7abb995d34f9104ee438c62a8a927,1,0.098,0,0x74ba30fb3d6ffc15b1bcec6f1cd2ab0c9931c58a,0,Tremendous Anemone Token,0x587fb5be9a055508210a623b3a66508c68345c5b,Acentrik Asset Management,0x587fb5be9a055508210a623b3a66508c68345c5b,AAMT-0A965E4C,True,1,31294249,1659229392
0,115792089237316195423570985008687900000000000000000000000000,0xb28ab1aade4c75f8cf013136fc0c290aeaea9ba6-0x69b34f876f6ef7c55b607da0fd4f5cd697ca3e49d49ba013ae1b954ecd21e348,1,0,0,0xb5c34a9a3eedcfdcb09ca59975bc95d04d181c4d,0,Wonderful Dolphin Token,0x275ab2f4e5dd3cb7aa8ec4f16a79f4023cc5f7ef,Ocean Data NFT,0x275ab2f4e5dd3cb7aa8ec4f16a79f4023cc5f7ef,OCEAN-NFT,True,0,31294249,1659229392
0,115792089237316195423570985008687900000000000000000000000000,0xb28ab1aade4c75f8cf013136fc0c290aeaea9ba6-0x2528c955286d799f0a00403c352c9203286722eca23b6f27db975d0574c1c699,1,0.098,0,0x529a509c20569e81bf1de7513ebb6867faaa09ea,0,Motivated Haddock Token,0x168c6db5e9e26d1835c7d7c03f7946a8ea973b3b,Acentrik Asset Management,0x168c6db5e9e26d1835c7d7c03f7946a8ea973b3b,AAMT-8D9857C8,True,0,31294249,1659229392
0,115792089237316195423570985008687900000000000000000000000000,0xb28ab1aade4c75f8cf013136fc0c290aeaea9ba6-0xa26cff7ef619d61d6483f52aafdeb0a56fbee5f3fc8154d757a73593c995a31b,5,0,0,0x34035e99ab21881e42af389a2d7138290d8c3a63,0,Tremendous Herring Token,0xd30dd83132f2227f114db8b90f565bca2832afbd,Ocean Data NFT,0xd30dd83132f2227f114db8b90f565bca2832afbd,OCEAN-NFT,True,1,31294249,1659229392
0,115792089237316195423570985008687900000000000000000000000000,0xb28ab1aade4c75f8cf013136fc0c290aeaea9ba6-0xd6a9ac9b5ef1436f633b4202baeb145775392223a7009475b2b333f0e396f0e6,1,0.098,0,0x226ca0314b991ce10ffd6503d2d27a73ef343dbd,0,Motivated Haddock Token,0x168c6db5e9e26d1835c7d7c03f7946a8ea973b3b,Acentrik Asset Management,0x168c6db5e9e26d1835c7d7c03f7946a8ea973b3b,AAMT-8D9857C8,True,0,31294249,1659229392
0,115792089237316195423570985008687900000000000000000000000000,0xb28ab1aade4c75f8cf013136fc0c290aeaea9ba6-0x224882b7a197a12b006f411873267c14c1bd8bdcc2e31f0eb4b3f72a51bf30c7,5,0,0,0x93ef0f146e1c2c3ab5eb889765639071398fc29d,0,Judicious Narwhal Token,0xd30dd83132f2227f114db8b90f565bca2832afbd,Ocean Data NFT,0xd30dd83132f2227f114db8b90f565bca2832afbd,OCEAN-NFT,True,1,31294249,1659229392
0,115792089237316195423570985008687900000000000000000000000000,0xb28ab1aade4c75f8cf013136fc0c290aeaea9ba6-0xed0071d862e32ea8fc583735337e5b8682895f91fddefc37717a96d8dadc852f,5,0,0,0xf222278f9efee11f9b64634c5b5d349488568115,0,Crapulous Ray Token,0xd30dd83132f2227f114db8b90f565bca2832afbd,Ocean Data NFT,0xd30dd83132f2227f114db8b90f565bca2832afbd,OCEAN-NFT,True,1,31294249,1659229392
0,115792089237316195423570985008687900000000000000000000000000,0xb28ab1aade4c75f8cf013136fc0c290aeaea9ba6-0x66ba169c77cf645729d864b252db382478914c4bbb031cf03a42c03eb33a8378,5,0,0,0x581c4d69f9f54a592c8fdae13fd0d822326d57dc,0,Calamitous Starfish Token,0xd30dd83132f2227f114db8b90f565bca2832afbd,Ocean Data NFT,0xd30dd83132f2227f114db8b90f565bca2832afbd,OCEAN-NFT,True,0,31294249,1659229392
0,115792089237316195423570985008687900000000000000000000000000,0xb28ab1aade4c75f8cf013136fc0c290aeaea9ba6-0xd84c0e60450034d9e49e30c9d9207c8e952d2ed7f1db269d64b739305b402a13,5,0,0,0xf34042d0a574cf540dcbb15a56a9ad4eb75bc44a,0,Calamitous Starfish Token,0xd30dd83132f2227f114db8b90f565bca2832afbd,Ocean Data NFT,0xd30dd83132f2227f114db8b90f565bca2832afbd,OCEAN-NFT,True,1,31294249,1659229392
0,115792089237316195423570985008687900000000000000000000000000,0xb28ab1aade4c75f8cf013136fc0c290aeaea9ba6-0xb85b2bba3d03932e08f6294114c0e89e7ebd26be3ec51f942e781ab67056662a,5,0,0,0xfc0af31f599817c82c843efd3cc8709d01854642,0,Efficacious Coral Token,0xd30dd83132f2227f114db8b90f565bca2832afbd,Ocean Data NFT,0xd30dd83132f2227f114db8b90f565bca2832afbd,OCEAN-NFT,True,1,31294249,1659229392
0,115792089237316195423570985008687900000000000000000000000000,0xb28ab1aade4c75f8cf013136fc0c290aeaea9ba6-0x0a402459fae5207b5b91c7aa08769ac95e9dbddfdaeb4ac1064353a1c1d9af2e,5,0,0,0xf1969f44993f5e2992fffbaa0610f62f13330289,0,Antic Cuttlefish Token,0xd30dd83132f2227f114db8b90f565bca2832afbd,Ocean Data NFT,0xd30dd83132f2227f114db8b90f565bca2832afbd,OCEAN-NFT,True,0,31294249,1659229392
0,115792089237316195423570985008687900000000000000000000000000,0xb28ab1aade4c75f8cf013136fc0c290aeaea9ba6-0x1682ab203a7b11da3069297795c790fe27371041f2cbd1f2174bc4a3311f70bb,5,0,0,0xaa316a36db2fd9f6875053607733a16c43e218b8,0,Antic Cuttlefish Token,0xd30dd83132f2227f114db8b90f565bca2832afbd,Ocean Data NFT,0xd30dd83132f2227f114db8b90f565bca2832afbd,OCEAN-NFT,True,1,31294249,1659229392
0,115792089237316195423570985008687900000000000000000000000000,0xb28ab1aade4c75f8cf013136fc0c290aeaea9ba6-0x6f5fba30a269d504650c43fb19178bc20082e99519df27042f750ca2dc9e9953,5,0,0,0x19c35c63f20d97b9d4758f152477948a9a052a65,0,Contumacious Shrimp Token,0xd30dd83132f2227f114db8b90f565bca2832afbd,Ocean Data NFT,0xd30dd83132f2227f114db8b90f565bca2832afbd,OCEAN-NFT,True,1,31294249,1659229392
0,115792089237316195423570985008687900000000000000000000000000,0xb28ab1aade4c75f8cf013136fc0c290aeaea9ba6-0x08245d7992b7c03851ba13228597b5d50d3cffbfaff0aa4a0d9b4a052cb1845a,2,0.098,0,0x39526dff9f56c47c18ca58b64a094b5f0a7ca34d,0,Lachrymose Narwhal Token,0x168c6db5e9e26d1835c7d7c03f7946a8ea973b3b,Acentrik Asset Management,0x168c6db5e9e26d1835c7d7c03f7946a8ea973b3b,AAMT-563486D1,True,1,31294249,1659229392
0,115792089237316195423570985008687900000000000000000000000000,0xb28ab1aade4c75f8cf013136fc0c290aeaea9ba6-0xb32835b0453d757269fbdd465436ec31159fb31945809bf928bcce15435507ca,5,0,0,0x0e12928c198ed07b53d8e3d30684bd575c4f6bad,0,Stunning Shell Token,0xd30dd83132f2227f114db8b90f565bca2832afbd,Ocean Data NFT,0xd30dd83132f2227f114db8b90f565bca2832afbd,OCEAN-NFT,True,2,31294249,1659229392
0,115792089237316195423570985008687900000000000000000000000000,0xb28ab1aade4c75f8cf013136fc0c290aeaea9ba6-0xa2889dd45ae32e88a89f4acd2ff13f5147f5bba84ac34e18f597d663f0d3bcd6,5,0,0,0x3ee7d021ea30d035bbca7f1672dc40a0b953df78,0,Querulous Porpoise Token,0xd30dd83132f2227f114db8b90f565bca2832afbd,Ocean Data NFT,0xd30dd83132f2227f114db8b90f565bca2832afbd,OCEAN-NFT,True,2,31294249,1659229392
0,115792089237316195423570985008687900000000000000000000000000,0xb28ab1aade4c75f8cf013136fc0c290aeaea9ba6-0xe20d3ef37100536005db053eb74d718da0340f3685dab5cf798db1d397faa327,1,0.098,0,0x7804711637b3bc378b40131a4d13fb7a5abc872f,0,Precipitate Anchovy Token,0x500db43ee6966e6213ba58eaf152da593eb7432e,Acentrik Asset Management,0x500db43ee6966e6213ba58eaf152da593eb7432e,AAMT-5EF389A7,True,1,31294249,1659229392
0,115792089237316195423570985008687900000000000000000000000000,0xb28ab1aade4c75f8cf013136fc0c290aeaea9ba6-0xc73cac4871e4aa99ea2ff4a73466fb98bc49844d04d04c2ee592b5b34e7ef1cd,2,0.098,0,0xb625fb5f620c246e3fa1d66651fecb20dc4d7457,0,Inspired Ray Token,0x1aef750253b4954b42c980d99856d32474b2c3db,Acentrik Asset Management,0x1aef750253b4954b42c980d99856d32474b2c3db,AAMT-0AD9A672,True,0,31294249,1659229392
0,115792089237316195423570985008687900000000000000000000000000,0xb28ab1aade4c75f8cf013136fc0c290aeaea9ba6-0x321cb956cf09dbb2af368d526b3cd0fafaa376e3615bd850c55b20df94502008,10,0.098,0,0x373d5f441aec83ee0a862d9fd84b2c206c7f4f37,0,Comely Porpoise Token,0xad1775d3c5e2cca9188502342848a1a011e3a428,Acentrik Asset Management,0xad1775d3c5e2cca9188502342848a1a011e3a428,AAMT-6345AD72,True,0,31294249,1659229392
0,115792089237316195423570985008687900000000000000000000000000,0xb28ab1aade4c75f8cf013136fc0c290aeaea9ba6-0x95370d37909dc707d2372acd392bf31362ed9b490d822989030430266ac80c90,1,0.098,0,0x083e8eca60eb88848d81efc96c5db2dcdad7a85b,0,Confident Fish Token,0x6d430a149a2d4d7453608c5eed07e3acfe664330,Acentrik Asset Management,0x6d430a149a2d4d7453608c5eed07e3acfe664330,AAMT-F306DB44,True,1,31294249,1659229392
0,115792089237316195423570985008687900000000000000000000000000,0xb28ab1aade4c75f8cf013136fc0c290aeaea9ba6-0xd8c5b9b8341dbfbc1219364a8ab6a26c23cc7184f0f21b737bcc8b07e027d561,1,0.098,0,0xfa78095a30e44441e8e6f0c6de0581e7ffdb5458,0,Brave Pufferfish Token,0x587fb5be9a055508210a623b3a66508c68345c5b,Acentrik Asset Management,0x587fb5be9a055508210a623b3a66508c68345c5b,AAMT-8613CCBD,True,3,31294249,1659229392
0,115792089237316195423570985008687900000000000000000000000000,0xb28ab1aade4c75f8cf013136fc0c290aeaea9ba6-0xa70a3e470bc0b36df8c2ed338fd51b95b2c508300714fc44db0693e011382fbd,1,0,0,0xcb28f847303d0f23a9143b8406b040c802c80095,0,Passionate Angelfish Token,0x2e8d628ef699db4509c5ad3afcc33ab7b070ceb6,Ocean Data NFT,0x2e8d628ef699db4509c5ad3afcc33ab7b070ceb6,OCEAN-NFT,True,1,31294249,1659229392
0,115792089237316195423570985008687900000000000000000000000000,0xb28ab1aade4c75f8cf013136fc0c290aeaea9ba6-0xcc4537bdb1944bb9e914859f5b509ca622448b36f8b97a01a5b1a6e93b56eee1,1,0,0,0x8bfe851e74c9cc6f86c60a537d20297b8aac6cff,0,Didactic Pelican Token,0xe11d05619d4e07f2549e6deaac8c29371dd0c1fa,Acentrik Asset Management,0xe11d05619d4e07f2549e6deaac8c29371dd0c1fa,AAMT-8DCEB393,True,0,31294249,1659229392
0,115792089237316195423570985008687900000000000000000000000000,0xb28ab1aade4c75f8cf013136fc0c290aeaea9ba6-0x9ec2fd626c3d1a6c2171f2a47e57f252ad312c6ca9063af800eb0ffa42fe904a,1,0,0,0xdc3ce8791fb729a728894fa1446f26b712afa845,0,Friable Anchovy Token,0x7b97450975e89ce1db2ec1fea1f82e234a5d4a02,Acentrik Asset Management,0x7b97450975e89ce1db2ec1fea1f82e234a5d4a02,AAMT-2642ABAC,True,0,31294249,1659229392
0,115792089237316195423570985008687900000000000000000000000000,0xb28ab1aade4c75f8cf013136fc0c290aeaea9ba6-0x908af1eb5205fadfd3364f47681b1b478607aa334ba26203c6b7babf1c597d8c,1,0,0,0x851dad33c5a2a965adc69cf477e117b1f68c003e,0,Insolent Swordfish Token,0x7b97450975e89ce1db2ec1fea1f82e234a5d4a02,Acentrik Asset Management,0x7b97450975e89ce1db2ec1fea1f82e234a5d4a02,AAMT-F71AF72A,True,0,31294249,1659229392
0,115792089237316195423570985008687900000000000000000000000000,0xb28ab1aade4c75f8cf013136fc0c290aeaea9ba6-0x82c0a911d17fd3de28b44ee9b9a65c7f6b10e623df9d292adb2ebfe6228fbe07,100,0,0,0xbe3fd4af144e8fbd6bc87a6779eac6f25b22fa42,0,Mendacious Shell Token,0x7783b1927e30e2f5abdfddd9ec84c17f4bb5a347,Acentrik Asset Management,0x7783b1927e30e2f5abdfddd9ec84c17f4bb5a347,AAMT-069E8229,True,0,31294249,1659229392
0,115792089237316195423570985008687900000000000000000000000000,0xb28ab1aade4c75f8cf013136fc0c290aeaea9ba6-0x493d82577aa272b828848d93f0db50ab5d3e802208badefc6920e10a1082854d,5,0,0,0x7a68767fc1bb74883511fb539164d7c889c485f6,0,Heuristic Krill Token,0xd30dd83132f2227f114db8b90f565bca2832afbd,Ocean Data NFT,0xd30dd83132f2227f114db8b90f565bca2832afbd,OCEAN-NFT,True,0,31294249,1659229392
0,115792089237316195423570985008687900000000000000000000000000,0xb28ab1aade4c75f8cf013136fc0c290aeaea9ba6-0x9a905cfe33c030d1a774585ed2819e4f1a7f84af704f6dab252a9e4478cdb009,1,0,0,0x017675a7b41e9b2455c404e79de4f9473fda12e1,0,Vibrant Lobster Token,0x1d9d02edd04fa187e6c3d27918ce6bca32ef8241,Acentrik Asset Management,0x1d9d02edd04fa187e6c3d27918ce6bca32ef8241,AAMT-92139681,True,1,31294249,1659229392
0,115792089237316195423570985008687900000000000000000000000000,0xb28ab1aade4c75f8cf013136fc0c290aeaea9ba6-0x2d56cd5c21e5e84a2fad4da1d6fb1885364a4f3ce5263e6f804e7c1d0aebc119,1,0,0,0x7d7a4a420fbb0a8431820912a875b034bc4be2f4,0,Strident Narwhal Token,0x587fb5be9a055508210a623b3a66508c68345c5b,Acentrik Asset Management,0x587fb5be9a055508210a623b3a66508c68345c5b,AAMT-B1339B1F,True,0,31294249,1659229392
0,115792089237316195423570985008687900000000000000000000000000,0xb28ab1aade4c75f8cf013136fc0c290aeaea9ba6-0x30fbadd039548717f18238832b7bcce8b87c4e05f2d7a64e83e5084a48f1ef25,1,0,0,0x44d7e457125571171982427dc30b282e7925beba,0,Strident Narwhal Token,0x587fb5be9a055508210a623b3a66508c68345c5b,Acentrik Asset Management,0x587fb5be9a055508210a623b3a66508c68345c5b,AAMT-B1339B1F,True,2,31294249,1659229392
0,115792089237316195423570985008687900000000000000000000000000,0xb28ab1aade4c75f8cf013136fc0c290aeaea9ba6-0x5b1e5a6e62bf0f21d7034d22358d64f706faac822867b2057742ca7c031e74d1,1,0,0,0x1f7a30c5f20905134661305628b0f10ba39c9f18,0,Delightful Jellyfish Token,0x500db43ee6966e6213ba58eaf152da593eb7432e,Acentrik Asset Management,0x500db43ee6966e6213ba58eaf152da593eb7432e,AAMT-7F5F3ED6,True,2,31294249,1659229392
0,115792089237316195423570985008687900000000000000000000000000,0xb28ab1aade4c75f8cf013136fc0c290aeaea9ba6-0x8a7008d8799dc2452acc2d09b24df2d5c3eb47af899170f7042164c4d3d4f6f1,1,0,0,0xcf592fd3055622562a6a80ed47b45a933f1502d7,0,Motivated Seahorse Token,0x587fb5be9a055508210a623b3a66508c68345c5b,Acentrik Asset Management,0x587fb5be9a055508210a623b3a66508c68345c5b,AAMT-6F7E548B,True,1,31294249,1659229392
0,115792089237316195423570985008687900000000000000000000000000,0xb28ab1aade4c75f8cf013136fc0c290aeaea9ba6-0xc10d5572c2fbad15dbeeea29f05726d18adba2a562cb12aa8241b5952d926159,1,0,0,0x504993a9b18a2934496e95c216493205142955f1,0,Charming Otter Token,0x1aef750253b4954b42c980d99856d32474b2c3db,Acentrik Asset Management,0x1aef750253b4954b42c980d99856d32474b2c3db,AAMT-522AFCE8,True,1,31294249,1659229392
0,115792089237316195423570985008687900000000000000000000000000,0xb28ab1aade4c75f8cf013136fc0c290aeaea9ba6-0xfb8790a368563dd035f7dc08c59b4657d1697eb98bb461f2cebd598635bd5500,1,0,0,0x1914143f8b9b534ed0acdd20b1258f90729bf467,0,Charming Otter Token,0x1aef750253b4954b42c980d99856d32474b2c3db,Acentrik Asset Management,0x1aef750253b4954b42c980d99856d32474b2c3db,AAMT-522AFCE8,True,5,31294249,1659229392
0,115792089237316195423570985008687900000000000000000000000000,0xb28ab1aade4c75f8cf013136fc0c290aeaea9ba6-0x187a6fa06e74fd116e9a37d2e45bd1df3d29560df5d7faf1ae614f081a761c5f,1,0,0,0xf52a4be96ca534ed1644f31aa76e65d74ea0258f,0,Contumacious Tuna Token,0x168c6db5e9e26d1835c7d7c03f7946a8ea973b3b,Acentrik Asset Management,0x168c6db5e9e26d1835c7d7c03f7946a8ea973b3b,AAMT-1C3753E9,True,1,31294249,1659229392
0,115792089237316195423570985008687900000000000000000000000000,0xb28ab1aade4c75f8cf013136fc0c290aeaea9ba6-0xaf628b4dc29c2dcee077ed29078313b9a1265cc380a6295fda4628c71080004d,1,0,0,0xec711b4af7e46acef53cf8b3204bb83aac40164a,0,Charming Otter Token,0x1aef750253b4954b42c980d99856d32474b2c3db,Acentrik Asset Management,0x1aef750253b4954b42c980d99856d32474b2c3db,AAMT-522AFCE8,True,4,31294249,1659229392
0,115792089237316195423570985008687900000000000000000000000000,0xb28ab1aade4c75f8cf013136fc0c290aeaea9ba6-0x7a77d18f66a9f9727b8553fa87067cac29c79304bf5884be5a4c16f2694b1885,1,0,0,0xd7b3b05ba48d692b282b7823ac6eb5fb42a868be,0,Pendulous Cod Token,0x9a3a4cdb2c2e992405e6934d967db1591430d416,Acentrik Asset Management,0x9a3a4cdb2c2e992405e6934d967db1591430d416,AAMT-53E4DFF2,True,0,31294249,1659229392
0,115792089237316195423570985008687900000000000000000000000000,0xb28ab1aade4c75f8cf013136fc0c290aeaea9ba6-0xbea74d963c512831f5ceea71068e0b3546f818f70f9bc548b54325080694f05a,1,0,0,0xf83f8224bf207c3c3ef9e8c4d3ba6639c0d411d8,0,Comely Narwhal Token,0x9a3a4cdb2c2e992405e6934d967db1591430d416,Acentrik Asset Management,0x9a3a4cdb2c2e992405e6934d967db1591430d416,AAMT-4B6478CB,True,1,31294249,1659229392
0,115792089237316195423570985008687900000000000000000000000000,0xb28ab1aade4c75f8cf013136fc0c290aeaea9ba6-0xb3a5f0c1e4d5b8d564ba46a8f7e07cd1f49da393dd23d6e6db994e72bb77dc8a,1,0,0,0x77e7f48938669dc167d5797f2eb2683bc02d29c6,0,Animistic Barracuda Token,0x6d3968da311d0c2ffdb13623151415efd262f175,Acentrik Asset Management,0x6d3968da311d0c2ffdb13623151415efd262f175,AAMT-55A0F400,True,0,31294249,1659229392
0,115792089237316195423570985008687900000000000000000000000000,0xb28ab1aade4c75f8cf013136fc0c290aeaea9ba6-0x86ee2e9a7b1f1a8a33b6cd508e61b11022ed5ea2d23d51ea415c25051d0580a6,133,0,0,0xbc68d04c77874468b1ca7d57ed61e7f4486c87a4,0,Invigorated Seahorse Token,0xe2a4ded1eb0bfa8027f1a2ed7e09d72843d6d35a,Ocean Data NFT,0xe2a4ded1eb0bfa8027f1a2ed7e09d72843d6d35a,OCEAN-NFT,True,0,31294249,1659229392
0,115792089237316195423570985008687900000000000000000000000000,0xb28ab1aade4c75f8cf013136fc0c290aeaea9ba6-0x32b88195d33efb0daa15be1ff403875cf064dbb69e3ac3056f90c4c424178dd9,100,0.098,0,0x7ef5357d31c0ec82ffa643535e5be4d63b1795eb,0,Recalcitant Prawn Token,0x1d35453a22ff09a88e17bb683febf3c536e9672d,Acentrik Asset Management,0x1d35453a22ff09a88e17bb683febf3c536e9672d,AAMT-5FA1FC8E,True,0,31294249,1659229392
0,115792089237316195423570985008687900000000000000000000000000,0xb28ab1aade4c75f8cf013136fc0c290aeaea9ba6-0x5c31b7349a963b135b039d1b9a93d684d81c311eabb1d65e3069913a50de3c63,1,0,0,0x34d110f5d07b60daa1dba5a619381452f2fbf85d,0,Bilious Coral Token,0x587fb5be9a055508210a623b3a66508c68345c5b,Acentrik Asset Management,0x587fb5be9a055508210a623b3a66508c68345c5b,AAMT-EE2971BD,True,0,31294249,1659229392
0,115792089237316195423570985008687900000000000000000000000000,0xb28ab1aade4c75f8cf013136fc0c290aeaea9ba6-0x9fe0a18e7868015a9bfdb33c3006c919202abf889db582ab85107e318bcd05bf,1,0,0,0x2e81ca0187a5ffd5e57dba521e5afc2e7fcb8dca,0,Comely Porpoise Token,0x587fb5be9a055508210a623b3a66508c68345c5b,Acentrik Asset Management,0x587fb5be9a055508210a623b3a66508c68345c5b,AAMT-DD6E0E0A,True,0,31294249,1659229392
0,115792089237316195423570985008687900000000000000000000000000,0xb28ab1aade4c75f8cf013136fc0c290aeaea9ba6-0x46d396c2f98e24df9166416192c280379480693dd1ae6980872e858d9183d241,1,0,0,0x829414e2866609ce8054df7d31bbb3084657c103,0,Adamant Krill Token,0x587fb5be9a055508210a623b3a66508c68345c5b,Acentrik Asset Management,0x587fb5be9a055508210a623b3a66508c68345c5b,AAMT-CA7B1317,True,0,31294249,1659229392
0,115792089237316195423570985008687900000000000000000000000000,0xb28ab1aade4c75f8cf013136fc0c290aeaea9ba6-0xa1ca63edc31600d3ca7115b4375cdfa26af894a8a094da40371298f028a99e23,1,0,0,0xfe138c6c9579d88ba44b5e9990fd0bdcb1e5fcea,0,Insolent Barnacle Token,0x587fb5be9a055508210a623b3a66508c68345c5b,Acentrik Asset Management,0x587fb5be9a055508210a623b3a66508c68345c5b,AAMT-63154379,True,0,31294249,1659229392
0,115792089237316195423570985008687900000000000000000000000000,0xb28ab1aade4c75f8cf013136fc0c290aeaea9ba6-0x04e4ebaa43d1f8a04ab6c63caaa5e5c6bec18fa892f65a61e0221f9af1be1964,1,0,0,0xe2b0ff1c9cfc5813945aecdb210824890df00211,0,Adroit Oyster Token,0x587fb5be9a055508210a623b3a66508c68345c5b,Acentrik Asset Management,0x587fb5be9a055508210a623b3a66508c68345c5b,AAMT-1C9BDCF2,True,0,31294249,1659229392
0,115792089237316195423570985008687900000000000000000000000000,0xb28ab1aade4c75f8cf013136fc0c290aeaea9ba6-0x8d3b5aeeb31ea1c3d2035b3c4c41d842b3eec59a708639a8a440c3248d02dc06,1,0,0,0xd9858a302a3463b81e4c0d7d198ef4e2bd062e97,0,Adroit Oyster Token,0x587fb5be9a055508210a623b3a66508c68345c5b,Acentrik Asset Management,0x587fb5be9a055508210a623b3a66508c68345c5b,AAMT-1C9BDCF2,True,0,31294249,1659229392
0,115792089237316195423570985008687900000000000000000000000000,0xb28ab1aade4c75f8cf013136fc0c290aeaea9ba6-0x69a6701ad322e48151940511b8fd0bb781d4dfe374367dad2cb7595f4f15aa57,1,0,0,0x57ad1da5a7aa15d88b409e9500000fe159e4b570,0,Adroit Oyster Token,0x587fb5be9a055508210a623b3a66508c68345c5b,Acentrik Asset Management,0x587fb5be9a055508210a623b3a66508c68345c5b,AAMT-1C9BDCF2,True,0,31294249,1659229392
0,115792089237316195423570985008687900000000000000000000000000,0xb28ab1aade4c75f8cf013136fc0c290aeaea9ba6-0x0f1f44d0f5b1698903b77f1202acd81a1f5652c14111e95b848033fc2d620021,1,0,0,0x32c418d9be2c5a2e605fdb5e51066badf868afec,0,Endemic Barnacle Token,0x587fb5be9a055508210a623b3a66508c68345c5b,Acentrik Asset Management,0x587fb5be9a055508210a623b3a66508c68345c5b,AAMT-F9CE006A,True,0,31294249,1659229392
0,115792089237316195423570985008687900000000000000000000000000,0xb28ab1aade4c75f8cf013136fc0c290aeaea9ba6-0xb1b23fff90f183a6d2a29b34fc5f5fd0833e511be816363add6f5de70c53217e,1,0,0,0xd511a62aab8cd1b4c88cb5d113bd3d17baaa311b,0,Contumacious Cod Token,0x587fb5be9a055508210a623b3a66508c68345c5b,Acentrik Asset Management,0x587fb5be9a055508210a623b3a66508c68345c5b,AAMT-731E349A,True,0,31294249,1659229392
0,115792089237316195423570985008687900000000000000000000000000,0xb28ab1aade4c75f8cf013136fc0c290aeaea9ba6-0x3bc133e796de330b27a4b9925e7ef6f6882580772cf2053305f701ecdbba6296,1,0,0,0x06516085a4b3ca5dd70645ec0b08c70cc10a6680,0,Friable Shrimp Token,0x1aef750253b4954b42c980d99856d32474b2c3db,Acentrik Asset Management,0x1aef750253b4954b42c980d99856d32474b2c3db,AAMT-1CBA2C95,True,0,31294249,1659229392
0,115792089237316195423570985008687900000000000000000000000000,0xb28ab1aade4c75f8cf013136fc0c290aeaea9ba6-0x868ccffc9b51ccca8bc68f4f166868ee2727303b3264d16a446dd08f20e0c037,1,0,0,0x5bd9cb5eafd6b078fb0276684372ed6ee283f49a,0,Amatory Barracuda Token,0x1aef750253b4954b42c980d99856d32474b2c3db,Acentrik Asset Management,0x1aef750253b4954b42c980d99856d32474b2c3db,AAMT-8B389F89,True,0,31294249,1659229392
0,115792089237316195423570985008687900000000000000000000000000,0xb28ab1aade4c75f8cf013136fc0c290aeaea9ba6-0xf8b887e1c35caef229aaaaef23d686d7fc79ea4edc2b0752cdbb5346e8a8c607,1,0,0,0x7e78ea9ad5d1780647150d89e615e343579525e9,0,Ruminative Crab Token,0x500db43ee6966e6213ba58eaf152da593eb7432e,Acentrik Asset Management,0x500db43ee6966e6213ba58eaf152da593eb7432e,AAMT-5D173A0C,True,4,31294249,1659229392
0,115792089237316195423570985008687900000000000000000000000000,0xb28ab1aade4c75f8cf013136fc0c290aeaea9ba6-0x663e18b53e49289fae9262273a37e49c1efeb1c5af58a01b3989959299fa41db,1,0,0,0x3006599404861cde05804d4a16718405b0fa7a8d,0,Contumacious Cod Token,0x587fb5be9a055508210a623b3a66508c68345c5b,Acentrik Asset Management,0x587fb5be9a055508210a623b3a66508c68345c5b,AAMT-731E349A,True,0,31294249,1659229392
0,115792089237316195423570985008687900000000000000000000000000,0xb28ab1aade4c75f8cf013136fc0c290aeaea9ba6-0x3aadc55a316ef30ee18e4ffd5ed6fe66d7bd64c4d025b27b3d39d418b17b82dc,1,0,0,0xca44ac6aa0ca3567b52cd860c469e89facbf0b93,0,Determined Shell Token,0x587fb5be9a055508210a623b3a66508c68345c5b,Acentrik Asset Management,0x587fb5be9a055508210a623b3a66508c68345c5b,AAMT-62CD26BA,True,0,31294249,1659229392
0,115792089237316195423570985008687900000000000000000000000000,0xb28ab1aade4c75f8cf013136fc0c290aeaea9ba6-0xc6eedfe7e32807f1929f6f24790a40d25506876205d35f0047bf562d9154a856,100,0.098,0,0x5467830d5652b6b7fe3142f9551452aca5076345,0,Calamitous Coral Token,0x1d35453a22ff09a88e17bb683febf3c536e9672d,Acentrik Asset Management,0x1d35453a22ff09a88e17bb683febf3c536e9672d,AAMT-9DD0CF76,True,0,31294249,1659229392
0,115792089237316195423570985008687900000000000000000000000000,0xb28ab1aade4c75f8cf013136fc0c290aeaea9ba6-0x78b83ba98937ff0790a98197602d07cb4e0c88a2a094af019d0f531eea7c1577,100,0.098,0,0xeb20c37960ad72a4a2a4fe6ec5a1a7aa70c21ea1,0,Dowdy Narwhal Token,0x1d35453a22ff09a88e17bb683febf3c536e9672d,Acentrik Asset Management,0x1d35453a22ff09a88e17bb683febf3c536e9672d,AAMT-A56ECACC,True,0,31294249,1659229392
0,115792089237316195423570985008687900000000000000000000000000,0xb28ab1aade4c75f8cf013136fc0c290aeaea9ba6-0x8a805864426a8d4c1cf9288641273b328bfd0952e92094917c4f214f0e596e17,100,0.098,0,0xba0a9ea2017cca5a8000d4eba0031b2477a09503,0,Bellicose Krill Token,0x1d35453a22ff09a88e17bb683febf3c536e9672d,Acentrik Asset Management,0x1d35453a22ff09a88e17bb683febf3c536e9672d,AAMT-D7E62E16,True,0,31294249,1659229392
0,115792089237316195423570985008687900000000000000000000000000,0xb28ab1aade4c75f8cf013136fc0c290aeaea9ba6-0x92dbbefdb6e60e6b1549fb3076077d35db50bd5acd8b6c6b68bd1392dd34eaad,100,0,0,0xc423f3b29b4a4bdfffb821ac56d00f15e77126f6,0,Adamant Prawn Token,0x1d35453a22ff09a88e17bb683febf3c536e9672d,Acentrik Asset Management,0x1d35453a22ff09a88e17bb683febf3c536e9672d,AAMT-047DE2AC,True,0,31294249,1659229392
0,115792089237316195423570985008687900000000000000000000000000,0xb28ab1aade4c75f8cf013136fc0c290aeaea9ba6-0x699984986681a981a2d9c7b85815639d60393d20f6426fbec3d772d53a4e6807,100,0.098,0,0xff3f6c0a2bb9802cd156844baf2336e81fd4fb14,0,Arcadian Cod Token,0x1d35453a22ff09a88e17bb683febf3c536e9672d,Acentrik Asset Management,0x1d35453a22ff09a88e17bb683febf3c536e9672d,AAMT-5A6C9BC5,True,0,31294249,1659229392
0,115792089237316195423570985008687900000000000000000000000000,0xb28ab1aade4c75f8cf013136fc0c290aeaea9ba6-0xffb9209f46cf605c588ac50b4489bfb048885f25819dc5c3d4506fccf438e22a,100,0.098,0,0x16cd85cba93d01d0077148d65cf8511144b44ebf,0,Crapulous Cormorant Token,0x1d35453a22ff09a88e17bb683febf3c536e9672d,Acentrik Asset Management,0x1d35453a22ff09a88e17bb683febf3c536e9672d,AAMT-3991D539,True,0,31294249,1659229392
0,115792089237316195423570985008687900000000000000000000000000,0xb28ab1aade4c75f8cf013136fc0c290aeaea9ba6-0x49039116bc997bc4dfc61fc3503dfcaca29764649cea58045e7fdf8567849f67,100,0,0,0x6ee2d3a7ab8e1a4aa2403fb57582ff7bd8ba3a37,0,Rhadamanthine Nautilus Token,0x1d35453a22ff09a88e17bb683febf3c536e9672d,Acentrik Asset Management,0x1d35453a22ff09a88e17bb683febf3c536e9672d,AAMT-1414416F,True,0,31294249,1659229392
0,115792089237316195423570985008687900000000000000000000000000,0xb28ab1aade4c75f8cf013136fc0c290aeaea9ba6-0x5f0004634f7d80a8459f6d3d6bf0fae9e6ee35051be9a058130f60a0b41c37f9,10,0,0,0xe619956ffc68f1bad9feb271b462cc95a9a495a2,0,Hubristic Tuna Token,0x1d35453a22ff09a88e17bb683febf3c536e9672d,Acentrik Asset Management,0x1d35453a22ff09a88e17bb683febf3c536e9672d,AAMT-E76A4558,True,0,31294249,1659229392
0,115792089237316195423570985008687900000000000000000000000000,0xb28ab1aade4c75f8cf013136fc0c290aeaea9ba6-0xf752f95c7d29a441bbb7388c9fabb18ca6dfb959dd4fa9c3b3369300b84fdd72,10,0,0,0x7f77918bd73d3a914a21b9c35ac8e7905f4e459a,0,Astonishing Turtle Token,0x1d35453a22ff09a88e17bb683febf3c536e9672d,Acentrik Asset Management,0x1d35453a22ff09a88e17bb683febf3c536e9672d,AAMT-0E422E4E,True,0,31294249,1659229392
0,115792089237316195423570985008687900000000000000000000000000,0xb28ab1aade4c75f8cf013136fc0c290aeaea9ba6-0xf143c28d5aa8f7106f06d23e426b64ff03af82e36dce680b733eeebc8297bebb,2,0,0,0x2bc863672bf8ee19047ae212afb443a39741ac9b,0,Loquacious Barnacle Token,0x587fb5be9a055508210a623b3a66508c68345c5b,Acentrik Asset Management,0x587fb5be9a055508210a623b3a66508c68345c5b,AAMT-799C612A,True,0,31294249,1659229392
0,115792089237316195423570985008687900000000000000000000000000,0xb28ab1aade4c75f8cf013136fc0c290aeaea9ba6-0xf5910c40494362d00dfc7ab6faccded4e9de4e1a52fd24d0813c8515edc4e892,1,0,0,0xba764aa5aff3e34e69c2baf22bb6d53568df8e7c,0,Gustatory Fugu Token,0x29ad2ad28abdabb877e5572b57219a594e21ebec,Ocean Data NFT,0x29ad2ad28abdabb877e5572b57219a594e21ebec,OCEAN-NFT,True,0,31294249,1659229392
0,115792089237316195423570985008687900000000000000000000000000,0xb28ab1aade4c75f8cf013136fc0c290aeaea9ba6-0xd9fad932a5b17becc9deb044f231f42446f6c68003b29c9b7075166fef8bd5b7,1,0,0,0x539f396cca3903b9ac0bcc461054755f11ed148a,0,Gustatory Fugu Token,0x29ad2ad28abdabb877e5572b57219a594e21ebec,Ocean Data NFT,0x29ad2ad28abdabb877e5572b57219a594e21ebec,OCEAN-NFT,True,0,31294249,1659229392
0,115792089237316195423570985008687900000000000000000000000000,0xb28ab1aade4c75f8cf013136fc0c290aeaea9ba6-0xbbb88be155bdc1009d4408b4031eaf14357e2a2b4fd145bdd1fb159cd019dc49,1,0,0,0x01cc3c186410c5ffea7ad6ec6ec33c02f05a299a,0,Gustatory Fugu Token,0x29ad2ad28abdabb877e5572b57219a594e21ebec,Ocean Data NFT,0x29ad2ad28abdabb877e5572b57219a594e21ebec,OCEAN-NFT,True,0,31294249,1659229392
0,115792089237316195423570985008687900000000000000000000000000,0xb28ab1aade4c75f8cf013136fc0c290aeaea9ba6-0xe41731433bcaf30bb16382f7d724835fd86f8f080d096723fb6d3293ef208f63,1,0,0,0x12e5e590a7ab12f1d2e0f45cff2956840c72cf43,0,Optimistic Jellyfish Token,0x0363f3c31076a64b85ceb69a28f958a7c1181cee,Ocean Data NFT,0x0363f3c31076a64b85ceb69a28f958a7c1181cee,OCEAN-NFT,True,0,31294249,1659229392
0,115792089237316195423570985008687900000000000000000000000000,0xb28ab1aade4c75f8cf013136fc0c290aeaea9ba6-0x8f5305328fc13dcef6959f71c499e856f62b257ee562536937a3d5d9bbfffd7d,1,0,0,0x6f62705ea44d1770a96af3e51c9d86eee31733cc,0,Optimistic Jellyfish Token,0x0363f3c31076a64b85ceb69a28f958a7c1181cee,Ocean Data NFT,0x0363f3c31076a64b85ceb69a28f958a7c1181cee,OCEAN-NFT,True,0,31294249,1659229392
0,115792089237316195423570985008687900000000000000000000000000,0xb28ab1aade4c75f8cf013136fc0c290aeaea9ba6-0x30152dbb10321a409eab0cb6a978b1f25ee187eec8f6b10f41383f3cd1395821,1,0,0,0xa73c84b4036ba8e9a026bc439341a8743383fe66,0,Marvelous Clam Token,0x0363f3c31076a64b85ceb69a28f958a7c1181cee,Ocean Data NFT,0x0363f3c31076a64b85ceb69a28f958a7c1181cee,OCEAN-NFT,True,0,31294249,1659229392
0,115792089237316195423570985008687900000000000000000000000000,0xb28ab1aade4c75f8cf013136fc0c290aeaea9ba6-0x74ac23950d6a407d6a3c3199d54419252042a498f89dd70ee87800bc388d99e9,1,0,0,0x2518e2579f85fdc0c11618ae847d6d59e4ccac66,0,Marvelous Clam Token,0x0363f3c31076a64b85ceb69a28f958a7c1181cee,Ocean Data NFT,0x0363f3c31076a64b85ceb69a28f958a7c1181cee,OCEAN-NFT,True,0,31294249,1659229392
